rtA1,rtA2,rtA1a,rtA1b,rtA1c,rtA1a1,rtA1a2,rtA1b1,rtA1b2,rtA1c1,rtA1c2,rtA1a1a,rtA1a1b,rtA1a2a,rtA1a2b,rtA1b1a,rtA1b1b,rtA1c1a,rtA1c1b,rtA1c2a,rtA1c2b,rtA2a,rtA2b,rtA2a1,rtA2a2,rtA2a3,rtA2a1A,rtA2a1B,rtA2a1A1,rtA2a1A2,rtA2a1B1,rtA2a1B2,rtA2a2A,rtA2a2B,rtA2a2A1,rtA2a2A2,rtA2a2B1,rtA2a2B2,rtA2a3A,rtA2a3B,rtA2a3A1,rtA2a3A2,rtA2a3B1,rtA2a3B2,rtA2b1,rtA2b2,rtA2b1A,rtA2b1B,rtA2b2A,rtA2b2B,id,isSmoker,willpower,health,smokedPerDay,turnsSinceLastChange,givingUp,stepsSinceGiveUp,giveUpAttempts,influenceability,sociable,$SWITCH_TABLE$simconsts$Operations
8762968,4246728,7685486,875941,201541,7403624,281862,312900,575,167249,34292,3383721,4019903,161863,119999,34462,0,125323,41926,20858,13434,66651,4180077,15851,30396,20404,5826,10025,2289,3537,6813,3212,23428,6968,3786,19642,6968,0,746,19658,312,434,19658,0,1294201,2885876,338221,955980,1033271,1852605,n0,true,0.7871492251730605,0.746446853383712,0,254,false,101,3,0.4980477120012749,0.4450878813640151,null
8762968,4246728,7685486,875941,201541,7403624,281862,312900,575,167249,34292,3383721,4019903,161863,119999,34462,0,125323,41926,20858,13434,66651,4180077,15851,30396,20404,5826,10025,2289,3537,6813,3212,23428,6968,3786,19642,6968,0,746,19658,312,434,19658,0,1294201,2885876,338221,955980,1033271,1852605,n1,true,0.1489334439968802,0.7542458758323816,0,435,false,101,3,0.24486701391518495,0.219915457707192,null
8762968,4246728,7685486,875941,201541,7403624,281862,312900,575,167249,34292,3383721,4019903,161863,119999,34462,0,125323,41926,20858,13434,66651,4180077,15851,30396,20404,5826,10025,2289,3537,6813,3212,23428,6968,3786,19642,6968,0,746,19658,312,434,19658,0,1294201,2885876,338221,955980,1033271,1852605,n2,true,0.6156700175365097,0.8003528173131926,1,780,false,103,7,0.4121270694795848,0.8972759475418117,null
8762968,4246728,7685486,875941,201541,7403624,281862,312900,575,167249,34292,3383721,4019903,161863,119999,34462,0,125323,41926,20858,13434,66651,4180077,15851,30396,20404,5826,10025,2289,3537,6813,3212,23428,6968,3786,19642,6968,0,746,19658,312,434,19658,0,1294201,2885876,338221,955980,1033271,1852605,n3,true,0.007472823164005407,0.734053548110419,0,102,false,102,5,0.5144337102074323,0.07595471670217813,null
8762968,4246728,7685486,875941,201541,7403624,281862,312900,575,167249,34292,3383721,4019903,161863,119999,34462,0,125323,41926,20858,13434,66651,4180077,15851,30396,20404,5826,10025,2289,3537,6813,3212,23428,6968,3786,19642,6968,0,746,19658,312,434,19658,0,1294201,2885876,338221,955980,1033271,1852605,n4,true,0.8488453315212082,0.7797815630082817,0,940,false,103,7,0.3302299236162659,0.840575071327416,null
8762968,4246728,7685486,875941,201541,7403624,281862,312900,575,167249,34292,3383721,4019903,161863,119999,34462,0,125323,41926,20858,13434,66651,4180077,15851,30396,20404,5826,10025,2289,3537,6813,3212,23428,6968,3786,19642,6968,0,746,19658,312,434,19658,0,1294201,2885876,338221,955980,1033271,1852605,n6,true,0.472204856189868,0.8436641981430812,2,482,false,21,7,0.8462237315786152,0.7929599181749184,null
8762968,4246728,7685486,875941,201541,7403624,281862,312900,575,167249,34292,3383721,4019903,161863,119999,34462,0,125323,41926,20858,13434,66651,4180077,15851,30396,20404,5826,10025,2289,3537,6813,3212,23428,6968,3786,19642,6968,0,746,19658,312,434,19658,0,1294201,2885876,338221,955980,1033271,1852605,n9,true,0.45039156748525316,0.3467547303406848,1,102,false,104,9,0.6984883332339332,0.36557837127056514,null
8762968,4246728,7685486,875941,201541,7403624,281862,312900,575,167249,34292,3383721,4019903,161863,119999,34462,0,125323,41926,20858,13434,66651,4180077,15851,30396,20404,5826,10025,2289,3537,6813,3212,23428,6968,3786,19642,6968,0,746,19658,312,434,19658,0,1294201,2885876,338221,955980,1033271,1852605,n10,true,0.4218220703878728,0.6052875139547479,0,515,false,8,5,0.6179265606682179,0.4620361204540254,null
8762968,4246728,7685486,875941,201541,7403624,281862,312900,575,167249,34292,3383721,4019903,161863,119999,34462,0,125323,41926,20858,13434,66651,4180077,15851,30396,20404,5826,10025,2289,3537,6813,3212,23428,6968,3786,19642,6968,0,746,19658,312,434,19658,0,1294201,2885876,338221,955980,1033271,1852605,n12,true,0.8744923673521675,0.46931172469547855,0,315,false,100,5,0.08411280914527236,0.5597288968719627,null
8762968,4246728,7685486,875941,201541,7403624,281862,312900,575,167249,34292,3383721,4019903,161863,119999,34462,0,125323,41926,20858,13434,66651,4180077,15851,30396,20404,5826,10025,2289,3537,6813,3212,23428,6968,3786,19642,6968,0,746,19658,312,434,19658,0,1294201,2885876,338221,955980,1033271,1852605,n13,true,0.8269782319406243,0.770227106546004,0,310,false,105,11,0.032908705347140965,0.05722521380729462,null
8762968,4246728,7685486,875941,201541,7403624,281862,312900,575,167249,34292,3383721,4019903,161863,119999,34462,0,125323,41926,20858,13434,66651,4180077,15851,30396,20404,5826,10025,2289,3537,6813,3212,23428,6968,3786,19642,6968,0,746,19658,312,434,19658,0,1294201,2885876,338221,955980,1033271,1852605,n15,true,0.28633726420687616,0.7453848249619409,0,935,false,4,5,0.3777788934913462,0.8952486235541306,null
8762968,4246728,7685486,875941,201541,7403624,281862,312900,575,167249,34292,3383721,4019903,161863,119999,34462,0,125323,41926,20858,13434,66651,4180077,15851,30396,20404,5826,10025,2289,3537,6813,3212,23428,6968,3786,19642,6968,0,746,19658,312,434,19658,0,1294201,2885876,338221,955980,1033271,1852605,n19,true,0.575985865245888,0.8660997797776264,0,321,false,102,6,0.025086569532347502,0.8345130043941151,null
8762968,4246728,7685486,875941,201541,7403624,281862,312900,575,167249,34292,3383721,4019903,161863,119999,34462,0,125323,41926,20858,13434,66651,4180077,15851,30396,20404,5826,10025,2289,3537,6813,3212,23428,6968,3786,19642,6968,0,746,19658,312,434,19658,0,1294201,2885876,338221,955980,1033271,1852605,n23,true,0.309344079001987,0.6869305902518238,0,2005,false,100,8,0.7357288745401944,0.6071228680604048,null
8762968,4246728,7685486,875941,201541,7403624,281862,312900,575,167249,34292,3383721,4019903,161863,119999,34462,0,125323,41926,20858,13434,66651,4180077,15851,30396,20404,5826,10025,2289,3537,6813,3212,23428,6968,3786,19642,6968,0,746,19658,312,434,19658,0,1294201,2885876,338221,955980,1033271,1852605,n26,false,0.5915635641393979,0.7283967725978981,0,555,false,102,5,0.8628953556936059,0.5069426793701881,null
8762968,4246728,7685486,875941,201541,7403624,281862,312900,575,167249,34292,3383721,4019903,161863,119999,34462,0,125323,41926,20858,13434,66651,4180077,15851,30396,20404,5826,10025,2289,3537,6813,3212,23428,6968,3786,19642,6968,0,746,19658,312,434,19658,0,1294201,2885876,338221,955980,1033271,1852605,n29,false,0.027429726788140246,0.6845589457431854,0,2858,false,103,7,0.5402437750472555,0.7207749337085737,null
8762968,4246728,7685486,875941,201541,7403624,281862,312900,575,167249,34292,3383721,4019903,161863,119999,34462,0,125323,41926,20858,13434,66651,4180077,15851,30396,20404,5826,10025,2289,3537,6813,3212,23428,6968,3786,19642,6968,0,746,19658,312,434,19658,0,1294201,2885876,338221,955980,1033271,1852605,n35,true,0.09423126019548879,0.9640997661167149,0,649,false,100,4,0.06949560417371914,0.36943808839464876,null
8762968,4246728,7685486,875941,201541,7403624,281862,312900,575,167249,34292,3383721,4019903,161863,119999,34462,0,125323,41926,20858,13434,66651,4180077,15851,30396,20404,5826,10025,2289,3537,6813,3212,23428,6968,3786,19642,6968,0,746,19658,312,434,19658,0,1294201,2885876,338221,955980,1033271,1852605,n36,true,0.4698933715710414,0.6715736316996999,0,192,false,5,5,0.47895824116147556,0.47494003247339733,null
8762968,4246728,7685486,875941,201541,7403624,281862,312900,575,167249,34292,3383721,4019903,161863,119999,34462,0,125323,41926,20858,13434,66651,4180077,15851,30396,20404,5826,10025,2289,3537,6813,3212,23428,6968,3786,19642,6968,0,746,19658,312,434,19658,0,1294201,2885876,338221,955980,1033271,1852605,n37,false,0.7345155796453454,0.594046994672088,0,1011,false,101,6,0.22258278951592947,0.9176479534733712,null
8762968,4246728,7685486,875941,201541,7403624,281862,312900,575,167249,34292,3383721,4019903,161863,119999,34462,0,125323,41926,20858,13434,66651,4180077,15851,30396,20404,5826,10025,2289,3537,6813,3212,23428,6968,3786,19642,6968,0,746,19658,312,434,19658,0,1294201,2885876,338221,955980,1033271,1852605,n39,false,0.819834298286034,0.8209471485134687,0,555,false,104,8,0.6282187731189162,0.8741847330930175,null
8762968,4246728,7685486,875941,201541,7403624,281862,312900,575,167249,34292,3383721,4019903,161863,119999,34462,0,125323,41926,20858,13434,66651,4180077,15851,30396,20404,5826,10025,2289,3537,6813,3212,23428,6968,3786,19642,6968,0,746,19658,312,434,19658,0,1294201,2885876,338221,955980,1033271,1852605,n45,true,0.5135145441586593,0.5217542564532285,0,461,false,3,3,0.5718414816600195,0.5195569796655163,null
8762968,4246728,7685486,875941,201541,7403624,281862,312900,575,167249,34292,3383721,4019903,161863,119999,34462,0,125323,41926,20858,13434,66651,4180077,15851,30396,20404,5826,10025,2289,3537,6813,3212,23428,6968,3786,19642,6968,0,746,19658,312,434,19658,0,1294201,2885876,338221,955980,1033271,1852605,n46,true,0.12420410637903802,0.5737464924266803,1,879,false,18,13,0.4548321788886257,0.8787689766806486,null
8762968,4246728,7685486,875941,201541,7403624,281862,312900,575,167249,34292,3383721,4019903,161863,119999,34462,0,125323,41926,20858,13434,66651,4180077,15851,30396,20404,5826,10025,2289,3537,6813,3212,23428,6968,3786,19642,6968,0,746,19658,312,434,19658,0,1294201,2885876,338221,955980,1033271,1852605,n47,false,0.5073678139152435,0.6467698614541888,0,936,false,102,4,0.2790971915137339,0.9147152123803776,null
8762968,4246728,7685486,875941,201541,7403624,281862,312900,575,167249,34292,3383721,4019903,161863,119999,34462,0,125323,41926,20858,13434,66651,4180077,15851,30396,20404,5826,10025,2289,3537,6813,3212,23428,6968,3786,19642,6968,0,746,19658,312,434,19658,0,1294201,2885876,338221,955980,1033271,1852605,n49,true,0.23239410869973173,0.7182334817296608,2,1241,false,102,5,0.3207904885745507,0.863332926291588,null
8762968,4246728,7685486,875941,201541,7403624,281862,312900,575,167249,34292,3383721,4019903,161863,119999,34462,0,125323,41926,20858,13434,66651,4180077,15851,30396,20404,5826,10025,2289,3537,6813,3212,23428,6968,3786,19642,6968,0,746,19658,312,434,19658,0,1294201,2885876,338221,955980,1033271,1852605,n51,true,0.14602907878367546,0.9004304758613412,11,2400,false,102,5,0.6206798048686,0.9598607358584166,null
8762968,4246728,7685486,875941,201541,7403624,281862,312900,575,167249,34292,3383721,4019903,161863,119999,34462,0,125323,41926,20858,13434,66651,4180077,15851,30396,20404,5826,10025,2289,3537,6813,3212,23428,6968,3786,19642,6968,0,746,19658,312,434,19658,0,1294201,2885876,338221,955980,1033271,1852605,n52,true,0.6471300112959095,0.9219078914931441,1,1466,false,100,3,0.8720173555187944,0.708859716393244,null
8762968,4246728,7685486,875941,201541,7403624,281862,312900,575,167249,34292,3383721,4019903,161863,119999,34462,0,125323,41926,20858,13434,66651,4180077,15851,30396,20404,5826,10025,2289,3537,6813,3212,23428,6968,3786,19642,6968,0,746,19658,312,434,19658,0,1294201,2885876,338221,955980,1033271,1852605,n58,false,0.08549707236035568,0.8370395112446256,0,1301,false,101,2,0.699463614448839,0.7601824542617892,null
8762968,4246728,7685486,875941,201541,7403624,281862,312900,575,167249,34292,3383721,4019903,161863,119999,34462,0,125323,41926,20858,13434,66651,4180077,15851,30396,20404,5826,10025,2289,3537,6813,3212,23428,6968,3786,19642,6968,0,746,19658,312,434,19658,0,1294201,2885876,338221,955980,1033271,1852605,n59,true,0.33452818780400967,0.6185075822701207,0,101,false,106,14,0.5919149350998865,0.7381795607166244,null
8762968,4246728,7685486,875941,201541,7403624,281862,312900,575,167249,34292,3383721,4019903,161863,119999,34462,0,125323,41926,20858,13434,66651,4180077,15851,30396,20404,5826,10025,2289,3537,6813,3212,23428,6968,3786,19642,6968,0,746,19658,312,434,19658,0,1294201,2885876,338221,955980,1033271,1852605,n64,true,0.013209017048762262,0.8627838671146082,0,1312,false,5,7,0.2614899722221703,0.5418666380998519,null
8762968,4246728,7685486,875941,201541,7403624,281862,312900,575,167249,34292,3383721,4019903,161863,119999,34462,0,125323,41926,20858,13434,66651,4180077,15851,30396,20404,5826,10025,2289,3537,6813,3212,23428,6968,3786,19642,6968,0,746,19658,312,434,19658,0,1294201,2885876,338221,955980,1033271,1852605,n67,true,0.13612382885538096,0.7525473943077142,0,253,false,100,7,0.021360505115272044,0.7511076302345607,null
8762968,4246728,7685486,875941,201541,7403624,281862,312900,575,167249,34292,3383721,4019903,161863,119999,34462,0,125323,41926,20858,13434,66651,4180077,15851,30396,20404,5826,10025,2289,3537,6813,3212,23428,6968,3786,19642,6968,0,746,19658,312,434,19658,0,1294201,2885876,338221,955980,1033271,1852605,n68,true,0.6282548613310164,0.6056263970466423,1,1708,false,100,3,0.8131209013927272,0.9862876073582021,null
8762968,4246728,7685486,875941,201541,7403624,281862,312900,575,167249,34292,3383721,4019903,161863,119999,34462,0,125323,41926,20858,13434,66651,4180077,15851,30396,20404,5826,10025,2289,3537,6813,3212,23428,6968,3786,19642,6968,0,746,19658,312,434,19658,0,1294201,2885876,338221,955980,1033271,1852605,n69,true,0.6824847701521283,0.7819191357609885,2,78,false,100,3,0.4257922805828066,0.6335859706586742,null
8762968,4246728,7685486,875941,201541,7403624,281862,312900,575,167249,34292,3383721,4019903,161863,119999,34462,0,125323,41926,20858,13434,66651,4180077,15851,30396,20404,5826,10025,2289,3537,6813,3212,23428,6968,3786,19642,6968,0,746,19658,312,434,19658,0,1294201,2885876,338221,955980,1033271,1852605,n71,false,0.08241775913324356,0.6019920881467663,0,1165,false,101,2,0.6485719021125951,0.8363772244808029,null
8762968,4246728,7685486,875941,201541,7403624,281862,312900,575,167249,34292,3383721,4019903,161863,119999,34462,0,125323,41926,20858,13434,66651,4180077,15851,30396,20404,5826,10025,2289,3537,6813,3212,23428,6968,3786,19642,6968,0,746,19658,312,434,19658,0,1294201,2885876,338221,955980,1033271,1852605,n72,true,0.5385891985433883,0.4016578214052143,3,387,false,4,4,0.4045720711987209,0.8469634725853292,null
8762968,4246728,7685486,875941,201541,7403624,281862,312900,575,167249,34292,3383721,4019903,161863,119999,34462,0,125323,41926,20858,13434,66651,4180077,15851,30396,20404,5826,10025,2289,3537,6813,3212,23428,6968,3786,19642,6968,0,746,19658,312,434,19658,0,1294201,2885876,338221,955980,1033271,1852605,n74,true,0.6866088588228609,0.7165103715753426,11,2559,false,101,3,0.8197373010256191,0.6788876601211308,null
8762968,4246728,7685486,875941,201541,7403624,281862,312900,575,167249,34292,3383721,4019903,161863,119999,34462,0,125323,41926,20858,13434,66651,4180077,15851,30396,20404,5826,10025,2289,3537,6813,3212,23428,6968,3786,19642,6968,0,746,19658,312,434,19658,0,1294201,2885876,338221,955980,1033271,1852605,n78,true,0.12203611669959348,0.478712513319442,2,2855,false,100,1,0.2258361918839898,0.7734101928362666,null
8762968,4246728,7685486,875941,201541,7403624,281862,312900,575,167249,34292,3383721,4019903,161863,119999,34462,0,125323,41926,20858,13434,66651,4180077,15851,30396,20404,5826,10025,2289,3537,6813,3212,23428,6968,3786,19642,6968,0,746,19658,312,434,19658,0,1294201,2885876,338221,955980,1033271,1852605,n79,false,0.6199222936726823,0.6004096181639694,0,1463,false,100,4,0.6880535316605382,0.665956948103032,null
8762968,4246728,7685486,875941,201541,7403624,281862,312900,575,167249,34292,3383721,4019903,161863,119999,34462,0,125323,41926,20858,13434,66651,4180077,15851,30396,20404,5826,10025,2289,3537,6813,3212,23428,6968,3786,19642,6968,0,746,19658,312,434,19658,0,1294201,2885876,338221,955980,1033271,1852605,n81,true,0.7409357797782519,0.7321933938818199,0,273,false,101,4,0.5630282546801822,0.6280536178651954,null
8762968,4246728,7685486,875941,201541,7403624,281862,312900,575,167249,34292,3383721,4019903,161863,119999,34462,0,125323,41926,20858,13434,66651,4180077,15851,30396,20404,5826,10025,2289,3537,6813,3212,23428,6968,3786,19642,6968,0,746,19658,312,434,19658,0,1294201,2885876,338221,955980,1033271,1852605,n82,true,0.8664669205547513,0.8239474237372855,0,2264,false,32,5,0.6889322255465605,0.4020031721611733,null
8762968,4246728,7685486,875941,201541,7403624,281862,312900,575,167249,34292,3383721,4019903,161863,119999,34462,0,125323,41926,20858,13434,66651,4180077,15851,30396,20404,5826,10025,2289,3537,6813,3212,23428,6968,3786,19642,6968,0,746,19658,312,434,19658,0,1294201,2885876,338221,955980,1033271,1852605,n83,true,0.7734202248311512,0.8274306941219414,0,1336,false,101,3,0.4908958719341064,0.868974993855191,null
8762968,4246728,7685486,875941,201541,7403624,281862,312900,575,167249,34292,3383721,4019903,161863,119999,34462,0,125323,41926,20858,13434,66651,4180077,15851,30396,20404,5826,10025,2289,3537,6813,3212,23428,6968,3786,19642,6968,0,746,19658,312,434,19658,0,1294201,2885876,338221,955980,1033271,1852605,n85,true,0.5410022864947293,0.8494161868308792,0,355,false,14,5,0.6238893474039446,0.9154262457538457,null
8762968,4246728,7685486,875941,201541,7403624,281862,312900,575,167249,34292,3383721,4019903,161863,119999,34462,0,125323,41926,20858,13434,66651,4180077,15851,30396,20404,5826,10025,2289,3537,6813,3212,23428,6968,3786,19642,6968,0,746,19658,312,434,19658,0,1294201,2885876,338221,955980,1033271,1852605,n90,false,0.4203909609484632,0.7502804335674818,0,121,false,103,7,0.4070440752599414,0.5711136415716164,null
8762968,4246728,7685486,875941,201541,7403624,281862,312900,575,167249,34292,3383721,4019903,161863,119999,34462,0,125323,41926,20858,13434,66651,4180077,15851,30396,20404,5826,10025,2289,3537,6813,3212,23428,6968,3786,19642,6968,0,746,19658,312,434,19658,0,1294201,2885876,338221,955980,1033271,1852605,n93,true,0.48942253436346317,0.8819623536357968,0,191,false,103,9,0.4505259966868007,0.3229522084554141,null
8762968,4246728,7685486,875941,201541,7403624,281862,312900,575,167249,34292,3383721,4019903,161863,119999,34462,0,125323,41926,20858,13434,66651,4180077,15851,30396,20404,5826,10025,2289,3537,6813,3212,23428,6968,3786,19642,6968,0,746,19658,312,434,19658,0,1294201,2885876,338221,955980,1033271,1852605,n97,false,0.37669307679998315,0.8468264141597353,0,131,false,103,6,0.6719920068839608,0.12407681276434118,null
8762968,4246728,7685486,875941,201541,7403624,281862,312900,575,167249,34292,3383721,4019903,161863,119999,34462,0,125323,41926,20858,13434,66651,4180077,15851,30396,20404,5826,10025,2289,3537,6813,3212,23428,6968,3786,19642,6968,0,746,19658,312,434,19658,0,1294201,2885876,338221,955980,1033271,1852605,n98,true,0.5836851718914889,0.7892489926504942,3,1794,false,101,3,0.8036535307374775,0.4898919017265134,null
8762968,4246728,7685486,875941,201541,7403624,281862,312900,575,167249,34292,3383721,4019903,161863,119999,34462,0,125323,41926,20858,13434,66651,4180077,15851,30396,20404,5826,10025,2289,3537,6813,3212,23428,6968,3786,19642,6968,0,746,19658,312,434,19658,0,1294201,2885876,338221,955980,1033271,1852605,n99,false,0.20737609751371633,0.784486263677895,0,1134,false,101,3,0.2979643236552203,0.2466145981396456,null
8762968,4246728,7685486,875941,201541,7403624,281862,312900,575,167249,34292,3383721,4019903,161863,119999,34462,0,125323,41926,20858,13434,66651,4180077,15851,30396,20404,5826,10025,2289,3537,6813,3212,23428,6968,3786,19642,6968,0,746,19658,312,434,19658,0,1294201,2885876,338221,955980,1033271,1852605,n101,false,0.535959364942142,0.8403535645869011,0,921,false,101,4,0.5713281795027747,0.4819985926331248,null
8762968,4246728,7685486,875941,201541,7403624,281862,312900,575,167249,34292,3383721,4019903,161863,119999,34462,0,125323,41926,20858,13434,66651,4180077,15851,30396,20404,5826,10025,2289,3537,6813,3212,23428,6968,3786,19642,6968,0,746,19658,312,434,19658,0,1294201,2885876,338221,955980,1033271,1852605,n104,true,0.19462811915211192,0.5570383213103326,0,1147,false,102,6,0.8082102153706929,0.7304395123141707,null
8762968,4246728,7685486,875941,201541,7403624,281862,312900,575,167249,34292,3383721,4019903,161863,119999,34462,0,125323,41926,20858,13434,66651,4180077,15851,30396,20404,5826,10025,2289,3537,6813,3212,23428,6968,3786,19642,6968,0,746,19658,312,434,19658,0,1294201,2885876,338221,955980,1033271,1852605,n106,true,0.23075566880480677,0.7207330921892959,0,1581,false,101,5,0.705003003418724,0.21054606519202523,null
8762968,4246728,7685486,875941,201541,7403624,281862,312900,575,167249,34292,3383721,4019903,161863,119999,34462,0,125323,41926,20858,13434,66651,4180077,15851,30396,20404,5826,10025,2289,3537,6813,3212,23428,6968,3786,19642,6968,0,746,19658,312,434,19658,0,1294201,2885876,338221,955980,1033271,1852605,n108,true,0.8515921508421841,0.6064492377102099,0,182,false,101,7,0.5514673522817798,0.57545959427789,null
8762968,4246728,7685486,875941,201541,7403624,281862,312900,575,167249,34292,3383721,4019903,161863,119999,34462,0,125323,41926,20858,13434,66651,4180077,15851,30396,20404,5826,10025,2289,3537,6813,3212,23428,6968,3786,19642,6968,0,746,19658,312,434,19658,0,1294201,2885876,338221,955980,1033271,1852605,n109,true,0.8601395138328347,0.2402020479086055,1,230,false,104,9,0.6475046204579276,0.979370823659142,null
8762968,4246728,7685486,875941,201541,7403624,281862,312900,575,167249,34292,3383721,4019903,161863,119999,34462,0,125323,41926,20858,13434,66651,4180077,15851,30396,20404,5826,10025,2289,3537,6813,3212,23428,6968,3786,19642,6968,0,746,19658,312,434,19658,0,1294201,2885876,338221,955980,1033271,1852605,n110,true,0.8196577293427842,0.9039722062269651,0,310,false,103,13,0.07690915151162742,0.7440791260259967,null
8762968,4246728,7685486,875941,201541,7403624,281862,312900,575,167249,34292,3383721,4019903,161863,119999,34462,0,125323,41926,20858,13434,66651,4180077,15851,30396,20404,5826,10025,2289,3537,6813,3212,23428,6968,3786,19642,6968,0,746,19658,312,434,19658,0,1294201,2885876,338221,955980,1033271,1852605,n112,true,0.09305568024027909,0.40834798267359884,0,243,false,104,9,0.395647616894663,0.5891533792028143,null
8762968,4246728,7685486,875941,201541,7403624,281862,312900,575,167249,34292,3383721,4019903,161863,119999,34462,0,125323,41926,20858,13434,66651,4180077,15851,30396,20404,5826,10025,2289,3537,6813,3212,23428,6968,3786,19642,6968,0,746,19658,312,434,19658,0,1294201,2885876,338221,955980,1033271,1852605,n113,true,0.775752760308729,0.691971859770808,0,264,false,103,7,0.4929503034386753,0.6472497122110819,null
8762968,4246728,7685486,875941,201541,7403624,281862,312900,575,167249,34292,3383721,4019903,161863,119999,34462,0,125323,41926,20858,13434,66651,4180077,15851,30396,20404,5826,10025,2289,3537,6813,3212,23428,6968,3786,19642,6968,0,746,19658,312,434,19658,0,1294201,2885876,338221,955980,1033271,1852605,n114,true,0.23307720321261596,0.5933455374211352,0,264,false,101,5,0.5688326549002459,0.2756575275402212,null
8762968,4246728,7685486,875941,201541,7403624,281862,312900,575,167249,34292,3383721,4019903,161863,119999,34462,0,125323,41926,20858,13434,66651,4180077,15851,30396,20404,5826,10025,2289,3537,6813,3212,23428,6968,3786,19642,6968,0,746,19658,312,434,19658,0,1294201,2885876,338221,955980,1033271,1852605,n115,true,0.49308410857834956,0.3888643439595747,2,3714,false,100,1,0.8846642058732026,0.5237067581714819,null
8762968,4246728,7685486,875941,201541,7403624,281862,312900,575,167249,34292,3383721,4019903,161863,119999,34462,0,125323,41926,20858,13434,66651,4180077,15851,30396,20404,5826,10025,2289,3537,6813,3212,23428,6968,3786,19642,6968,0,746,19658,312,434,19658,0,1294201,2885876,338221,955980,1033271,1852605,n117,true,0.5891751977442699,0.7167310756316366,0,1102,false,35,5,0.863532584356759,0.768552444625526,null
8762968,4246728,7685486,875941,201541,7403624,281862,312900,575,167249,34292,3383721,4019903,161863,119999,34462,0,125323,41926,20858,13434,66651,4180077,15851,30396,20404,5826,10025,2289,3537,6813,3212,23428,6968,3786,19642,6968,0,746,19658,312,434,19658,0,1294201,2885876,338221,955980,1033271,1852605,n121,true,0.9364828036839783,0.6036293520550661,0,1281,false,100,3,0.1497983521568953,0.7592657863730822,null
8762968,4246728,7685486,875941,201541,7403624,281862,312900,575,167249,34292,3383721,4019903,161863,119999,34462,0,125323,41926,20858,13434,66651,4180077,15851,30396,20404,5826,10025,2289,3537,6813,3212,23428,6968,3786,19642,6968,0,746,19658,312,434,19658,0,1294201,2885876,338221,955980,1033271,1852605,n124,true,0.2487231731168227,0.6338508720290849,0,273,false,101,4,0.39767122810870925,0.9101305824456051,null
8762968,4246728,7685486,875941,201541,7403624,281862,312900,575,167249,34292,3383721,4019903,161863,119999,34462,0,125323,41926,20858,13434,66651,4180077,15851,30396,20404,5826,10025,2289,3537,6813,3212,23428,6968,3786,19642,6968,0,746,19658,312,434,19658,0,1294201,2885876,338221,955980,1033271,1852605,n127,true,0.2843731491210614,0.9334767532152317,1,534,false,104,9,0.598427768080452,0.8086141808077997,null
8762968,4246728,7685486,875941,201541,7403624,281862,312900,575,167249,34292,3383721,4019903,161863,119999,34462,0,125323,41926,20858,13434,66651,4180077,15851,30396,20404,5826,10025,2289,3537,6813,3212,23428,6968,3786,19642,6968,0,746,19658,312,434,19658,0,1294201,2885876,338221,955980,1033271,1852605,n130,true,0.9805539780421637,0.7382616363824968,0,1420,false,101,3,0.7959584898293577,0.5458505287557109,null
8762968,4246728,7685486,875941,201541,7403624,281862,312900,575,167249,34292,3383721,4019903,161863,119999,34462,0,125323,41926,20858,13434,66651,4180077,15851,30396,20404,5826,10025,2289,3537,6813,3212,23428,6968,3786,19642,6968,0,746,19658,312,434,19658,0,1294201,2885876,338221,955980,1033271,1852605,n136,true,0.1273201995598396,0.5939075681502801,0,287,false,101,5,0.3344253746917968,0.4609477386316378,null
8762968,4246728,7685486,875941,201541,7403624,281862,312900,575,167249,34292,3383721,4019903,161863,119999,34462,0,125323,41926,20858,13434,66651,4180077,15851,30396,20404,5826,10025,2289,3537,6813,3212,23428,6968,3786,19642,6968,0,746,19658,312,434,19658,0,1294201,2885876,338221,955980,1033271,1852605,n137,true,0.6935999816757322,0.7246796747413721,0,256,false,101,5,0.7787183713553759,0.7778141439083079,null
8762968,4246728,7685486,875941,201541,7403624,281862,312900,575,167249,34292,3383721,4019903,161863,119999,34462,0,125323,41926,20858,13434,66651,4180077,15851,30396,20404,5826,10025,2289,3537,6813,3212,23428,6968,3786,19642,6968,0,746,19658,312,434,19658,0,1294201,2885876,338221,955980,1033271,1852605,n139,false,0.7934266915190477,0.7335778942691583,0,191,false,101,2,0.5661933212431788,0.8512187503031523,null
8762968,4246728,7685486,875941,201541,7403624,281862,312900,575,167249,34292,3383721,4019903,161863,119999,34462,0,125323,41926,20858,13434,66651,4180077,15851,30396,20404,5826,10025,2289,3537,6813,3212,23428,6968,3786,19642,6968,0,746,19658,312,434,19658,0,1294201,2885876,338221,955980,1033271,1852605,n141,false,0.3849971022127451,0.6781016754125846,0,1128,false,102,5,0.43196456512351344,0.8608105690972766,null
8762968,4246728,7685486,875941,201541,7403624,281862,312900,575,167249,34292,3383721,4019903,161863,119999,34462,0,125323,41926,20858,13434,66651,4180077,15851,30396,20404,5826,10025,2289,3537,6813,3212,23428,6968,3786,19642,6968,0,746,19658,312,434,19658,0,1294201,2885876,338221,955980,1033271,1852605,n148,true,0.4810432710593097,0.6152142051220261,0,1518,false,104,9,0.9651445960508905,0.6299370951628419,null
8762968,4246728,7685486,875941,201541,7403624,281862,312900,575,167249,34292,3383721,4019903,161863,119999,34462,0,125323,41926,20858,13434,66651,4180077,15851,30396,20404,5826,10025,2289,3537,6813,3212,23428,6968,3786,19642,6968,0,746,19658,312,434,19658,0,1294201,2885876,338221,955980,1033271,1852605,n150,false,0.15766602995519208,0.7131649234345382,0,345,false,104,8,0.9404931917302273,0.7035212465165157,null
8762968,4246728,7685486,875941,201541,7403624,281862,312900,575,167249,34292,3383721,4019903,161863,119999,34462,0,125323,41926,20858,13434,66651,4180077,15851,30396,20404,5826,10025,2289,3537,6813,3212,23428,6968,3786,19642,6968,0,746,19658,312,434,19658,0,1294201,2885876,338221,955980,1033271,1852605,n151,false,0.35029867783420376,0.868087879135263,0,2065,false,102,5,0.7909549863827744,0.4226321701482397,null
8762968,4246728,7685486,875941,201541,7403624,281862,312900,575,167249,34292,3383721,4019903,161863,119999,34462,0,125323,41926,20858,13434,66651,4180077,15851,30396,20404,5826,10025,2289,3537,6813,3212,23428,6968,3786,19642,6968,0,746,19658,312,434,19658,0,1294201,2885876,338221,955980,1033271,1852605,n153,true,0.46521729116605326,0.6336238190059695,0,721,false,101,7,0.025628627299344453,0.42343227646712445,null
8762968,4246728,7685486,875941,201541,7403624,281862,312900,575,167249,34292,3383721,4019903,161863,119999,34462,0,125323,41926,20858,13434,66651,4180077,15851,30396,20404,5826,10025,2289,3537,6813,3212,23428,6968,3786,19642,6968,0,746,19658,312,434,19658,0,1294201,2885876,338221,955980,1033271,1852605,n154,true,0.019233257069926273,0.9706319061825381,0,20,false,102,5,0.7166176687815751,0.9811283071950951,null
8762968,4246728,7685486,875941,201541,7403624,281862,312900,575,167249,34292,3383721,4019903,161863,119999,34462,0,125323,41926,20858,13434,66651,4180077,15851,30396,20404,5826,10025,2289,3537,6813,3212,23428,6968,3786,19642,6968,0,746,19658,312,434,19658,0,1294201,2885876,338221,955980,1033271,1852605,n157,true,0.4579726299722942,0.595932966176092,3,3946,false,100,1,0.7033557246743999,0.7510697078820116,null
8762968,4246728,7685486,875941,201541,7403624,281862,312900,575,167249,34292,3383721,4019903,161863,119999,34462,0,125323,41926,20858,13434,66651,4180077,15851,30396,20404,5826,10025,2289,3537,6813,3212,23428,6968,3786,19642,6968,0,746,19658,312,434,19658,0,1294201,2885876,338221,955980,1033271,1852605,n158,true,0.4215046059753269,0.7645508254541954,0,298,false,101,3,0.7162644704045361,0.8835703650000867,null
8762968,4246728,7685486,875941,201541,7403624,281862,312900,575,167249,34292,3383721,4019903,161863,119999,34462,0,125323,41926,20858,13434,66651,4180077,15851,30396,20404,5826,10025,2289,3537,6813,3212,23428,6968,3786,19642,6968,0,746,19658,312,434,19658,0,1294201,2885876,338221,955980,1033271,1852605,n161,false,0.5860914016852256,0.47226567897086125,0,918,false,104,8,0.1316710752103265,0.9050095587403939,null
8762968,4246728,7685486,875941,201541,7403624,281862,312900,575,167249,34292,3383721,4019903,161863,119999,34462,0,125323,41926,20858,13434,66651,4180077,15851,30396,20404,5826,10025,2289,3537,6813,3212,23428,6968,3786,19642,6968,0,746,19658,312,434,19658,0,1294201,2885876,338221,955980,1033271,1852605,n163,false,0.10647710552353615,0.7489135928971173,0,1446,false,101,2,0.2140690776486167,0.15869644037489644,null
8762968,4246728,7685486,875941,201541,7403624,281862,312900,575,167249,34292,3383721,4019903,161863,119999,34462,0,125323,41926,20858,13434,66651,4180077,15851,30396,20404,5826,10025,2289,3537,6813,3212,23428,6968,3786,19642,6968,0,746,19658,312,434,19658,0,1294201,2885876,338221,955980,1033271,1852605,n167,true,0.22833959931208123,0.7375754386740828,0,2726,false,100,1,0.6192302946389512,0.6238976391553575,null
8762968,4246728,7685486,875941,201541,7403624,281862,312900,575,167249,34292,3383721,4019903,161863,119999,34462,0,125323,41926,20858,13434,66651,4180077,15851,30396,20404,5826,10025,2289,3537,6813,3212,23428,6968,3786,19642,6968,0,746,19658,312,434,19658,0,1294201,2885876,338221,955980,1033271,1852605,n168,false,0.9484728672790267,0.6088493408210847,0,1306,false,101,4,0.46741760078626593,0.5194599134568705,null
8762968,4246728,7685486,875941,201541,7403624,281862,312900,575,167249,34292,3383721,4019903,161863,119999,34462,0,125323,41926,20858,13434,66651,4180077,15851,30396,20404,5826,10025,2289,3537,6813,3212,23428,6968,3786,19642,6968,0,746,19658,312,434,19658,0,1294201,2885876,338221,955980,1033271,1852605,n170,true,0.4883990433633909,0.7177189936837826,0,870,false,25,5,0.8126986984193354,0.9111360767679508,null
8762968,4246728,7685486,875941,201541,7403624,281862,312900,575,167249,34292,3383721,4019903,161863,119999,34462,0,125323,41926,20858,13434,66651,4180077,15851,30396,20404,5826,10025,2289,3537,6813,3212,23428,6968,3786,19642,6968,0,746,19658,312,434,19658,0,1294201,2885876,338221,955980,1033271,1852605,n172,true,0.9733609134644124,0.9315584112436645,0,37,false,11,13,0.261493446183713,0.8071011366034051,null
8762968,4246728,7685486,875941,201541,7403624,281862,312900,575,167249,34292,3383721,4019903,161863,119999,34462,0,125323,41926,20858,13434,66651,4180077,15851,30396,20404,5826,10025,2289,3537,6813,3212,23428,6968,3786,19642,6968,0,746,19658,312,434,19658,0,1294201,2885876,338221,955980,1033271,1852605,n174,true,0.14130172657806336,0.5573829530321894,0,4369,false,100,1,0.4349774000994868,0.7954005562218402,null
8762968,4246728,7685486,875941,201541,7403624,281862,312900,575,167249,34292,3383721,4019903,161863,119999,34462,0,125323,41926,20858,13434,66651,4180077,15851,30396,20404,5826,10025,2289,3537,6813,3212,23428,6968,3786,19642,6968,0,746,19658,312,434,19658,0,1294201,2885876,338221,955980,1033271,1852605,n176,false,0.7330148467825707,0.7503582318946748,0,350,false,103,6,0.9957121331025487,0.8117237950892882,null
8762968,4246728,7685486,875941,201541,7403624,281862,312900,575,167249,34292,3383721,4019903,161863,119999,34462,0,125323,41926,20858,13434,66651,4180077,15851,30396,20404,5826,10025,2289,3537,6813,3212,23428,6968,3786,19642,6968,0,746,19658,312,434,19658,0,1294201,2885876,338221,955980,1033271,1852605,n178,false,0.6931364923261257,0.540409132455768,0,132,false,104,8,0.6344599719639775,0.9109360853305051,null
8762968,4246728,7685486,875941,201541,7403624,281862,312900,575,167249,34292,3383721,4019903,161863,119999,34462,0,125323,41926,20858,13434,66651,4180077,15851,30396,20404,5826,10025,2289,3537,6813,3212,23428,6968,3786,19642,6968,0,746,19658,312,434,19658,0,1294201,2885876,338221,955980,1033271,1852605,n183,true,0.10976336491169313,0.6997947466643422,1,774,false,51,15,0.5753104580692182,0.2667815776694297,null
8762968,4246728,7685486,875941,201541,7403624,281862,312900,575,167249,34292,3383721,4019903,161863,119999,34462,0,125323,41926,20858,13434,66651,4180077,15851,30396,20404,5826,10025,2289,3537,6813,3212,23428,6968,3786,19642,6968,0,746,19658,312,434,19658,0,1294201,2885876,338221,955980,1033271,1852605,n186,false,0.18824916195800803,0.801810552382351,0,596,false,103,8,0.6914646955048919,0.8676621105005713,null
8762968,4246728,7685486,875941,201541,7403624,281862,312900,575,167249,34292,3383721,4019903,161863,119999,34462,0,125323,41926,20858,13434,66651,4180077,15851,30396,20404,5826,10025,2289,3537,6813,3212,23428,6968,3786,19642,6968,0,746,19658,312,434,19658,0,1294201,2885876,338221,955980,1033271,1852605,n187,false,0.8307244163245909,0.7299725820402092,0,1947,false,102,6,0.9435075854724065,0.996479824120139,null
8762968,4246728,7685486,875941,201541,7403624,281862,312900,575,167249,34292,3383721,4019903,161863,119999,34462,0,125323,41926,20858,13434,66651,4180077,15851,30396,20404,5826,10025,2289,3537,6813,3212,23428,6968,3786,19642,6968,0,746,19658,312,434,19658,0,1294201,2885876,338221,955980,1033271,1852605,n192,false,0.08454154878211563,0.795564820313654,0,741,false,102,5,0.4194008206841798,0.15705770993806306,null
8762968,4246728,7685486,875941,201541,7403624,281862,312900,575,167249,34292,3383721,4019903,161863,119999,34462,0,125323,41926,20858,13434,66651,4180077,15851,30396,20404,5826,10025,2289,3537,6813,3212,23428,6968,3786,19642,6968,0,746,19658,312,434,19658,0,1294201,2885876,338221,955980,1033271,1852605,n195,true,0.27616947463335767,0.6506248331743213,0,42,false,104,10,0.767920293123665,0.661759117331954,null
8762968,4246728,7685486,875941,201541,7403624,281862,312900,575,167249,34292,3383721,4019903,161863,119999,34462,0,125323,41926,20858,13434,66651,4180077,15851,30396,20404,5826,10025,2289,3537,6813,3212,23428,6968,3786,19642,6968,0,746,19658,312,434,19658,0,1294201,2885876,338221,955980,1033271,1852605,n197,true,0.27068567052757875,0.7578298016468364,0,1163,false,100,7,0.2952218585253107,0.6123248704876079,null
8762968,4246728,7685486,875941,201541,7403624,281862,312900,575,167249,34292,3383721,4019903,161863,119999,34462,0,125323,41926,20858,13434,66651,4180077,15851,30396,20404,5826,10025,2289,3537,6813,3212,23428,6968,3786,19642,6968,0,746,19658,312,434,19658,0,1294201,2885876,338221,955980,1033271,1852605,n198,true,0.018624703236831266,0.4890071300038665,0,2263,false,33,5,0.3478973685911496,0.7669975215468358,null
8762968,4246728,7685486,875941,201541,7403624,281862,312900,575,167249,34292,3383721,4019903,161863,119999,34462,0,125323,41926,20858,13434,66651,4180077,15851,30396,20404,5826,10025,2289,3537,6813,3212,23428,6968,3786,19642,6968,0,746,19658,312,434,19658,0,1294201,2885876,338221,955980,1033271,1852605,n200,true,0.6043292163426277,0.6023083280304857,2,2529,false,0,1,0.6279930827862918,0.43390604704034935,null
8762968,4246728,7685486,875941,201541,7403624,281862,312900,575,167249,34292,3383721,4019903,161863,119999,34462,0,125323,41926,20858,13434,66651,4180077,15851,30396,20404,5826,10025,2289,3537,6813,3212,23428,6968,3786,19642,6968,0,746,19658,312,434,19658,0,1294201,2885876,338221,955980,1033271,1852605,n202,false,0.41076781472405555,0.7796295084132034,0,53,false,102,6,0.40464591648254783,0.8071594740462449,null
8762968,4246728,7685486,875941,201541,7403624,281862,312900,575,167249,34292,3383721,4019903,161863,119999,34462,0,125323,41926,20858,13434,66651,4180077,15851,30396,20404,5826,10025,2289,3537,6813,3212,23428,6968,3786,19642,6968,0,746,19658,312,434,19658,0,1294201,2885876,338221,955980,1033271,1852605,n205,true,0.5226671610731362,0.571624199551256,1,394,false,104,9,0.28516408361563944,0.5656072576613492,null
8762968,4246728,7685486,875941,201541,7403624,281862,312900,575,167249,34292,3383721,4019903,161863,119999,34462,0,125323,41926,20858,13434,66651,4180077,15851,30396,20404,5826,10025,2289,3537,6813,3212,23428,6968,3786,19642,6968,0,746,19658,312,434,19658,0,1294201,2885876,338221,955980,1033271,1852605,n207,true,0.2708143490687619,0.5943895408776785,4,502,false,102,5,0.463160793970215,0.34576316662700657,null
8762968,4246728,7685486,875941,201541,7403624,281862,312900,575,167249,34292,3383721,4019903,161863,119999,34462,0,125323,41926,20858,13434,66651,4180077,15851,30396,20404,5826,10025,2289,3537,6813,3212,23428,6968,3786,19642,6968,0,746,19658,312,434,19658,0,1294201,2885876,338221,955980,1033271,1852605,n209,false,0.0806723581125965,0.7883799733633858,0,193,false,103,6,0.18215657338581842,0.7979024316103456,null
8762968,4246728,7685486,875941,201541,7403624,281862,312900,575,167249,34292,3383721,4019903,161863,119999,34462,0,125323,41926,20858,13434,66651,4180077,15851,30396,20404,5826,10025,2289,3537,6813,3212,23428,6968,3786,19642,6968,0,746,19658,312,434,19658,0,1294201,2885876,338221,955980,1033271,1852605,n212,true,0.4845746824689507,0.4996179180729481,0,787,false,105,11,0.4421610701477784,0.45666288107939224,null
8762968,4246728,7685486,875941,201541,7403624,281862,312900,575,167249,34292,3383721,4019903,161863,119999,34462,0,125323,41926,20858,13434,66651,4180077,15851,30396,20404,5826,10025,2289,3537,6813,3212,23428,6968,3786,19642,6968,0,746,19658,312,434,19658,0,1294201,2885876,338221,955980,1033271,1852605,n213,true,0.06264224753362373,0.7272096045431524,0,1146,false,75,3,0.3167115244812542,0.46801843104195817,null
8762968,4246728,7685486,875941,201541,7403624,281862,312900,575,167249,34292,3383721,4019903,161863,119999,34462,0,125323,41926,20858,13434,66651,4180077,15851,30396,20404,5826,10025,2289,3537,6813,3212,23428,6968,3786,19642,6968,0,746,19658,312,434,19658,0,1294201,2885876,338221,955980,1033271,1852605,n214,false,0.5922664943257502,0.995327637240273,0,1039,false,102,5,0.5680709202144114,0.5782064854281296,null
8762968,4246728,7685486,875941,201541,7403624,281862,312900,575,167249,34292,3383721,4019903,161863,119999,34462,0,125323,41926,20858,13434,66651,4180077,15851,30396,20404,5826,10025,2289,3537,6813,3212,23428,6968,3786,19642,6968,0,746,19658,312,434,19658,0,1294201,2885876,338221,955980,1033271,1852605,n221,true,0.47952861987995515,0.6910428824507778,2,415,false,9,6,0.47018706790290127,0.7147341521778727,null
8762968,4246728,7685486,875941,201541,7403624,281862,312900,575,167249,34292,3383721,4019903,161863,119999,34462,0,125323,41926,20858,13434,66651,4180077,15851,30396,20404,5826,10025,2289,3537,6813,3212,23428,6968,3786,19642,6968,0,746,19658,312,434,19658,0,1294201,2885876,338221,955980,1033271,1852605,n223,true,0.9550618103651147,0.5287369548935528,1,947,false,89,7,0.4896185430966292,0.8926495491722207,null
8762968,4246728,7685486,875941,201541,7403624,281862,312900,575,167249,34292,3383721,4019903,161863,119999,34462,0,125323,41926,20858,13434,66651,4180077,15851,30396,20404,5826,10025,2289,3537,6813,3212,23428,6968,3786,19642,6968,0,746,19658,312,434,19658,0,1294201,2885876,338221,955980,1033271,1852605,n224,true,0.6430282407522433,0.5396115717579084,2,1265,false,100,3,0.2625327684801415,0.5849121614082887,null
8762968,4246728,7685486,875941,201541,7403624,281862,312900,575,167249,34292,3383721,4019903,161863,119999,34462,0,125323,41926,20858,13434,66651,4180077,15851,30396,20404,5826,10025,2289,3537,6813,3212,23428,6968,3786,19642,6968,0,746,19658,312,434,19658,0,1294201,2885876,338221,955980,1033271,1852605,n225,true,0.3207125360334358,0.6124868021673884,0,420,false,105,15,0.22945813495872752,0.9757748446350221,null
8762968,4246728,7685486,875941,201541,7403624,281862,312900,575,167249,34292,3383721,4019903,161863,119999,34462,0,125323,41926,20858,13434,66651,4180077,15851,30396,20404,5826,10025,2289,3537,6813,3212,23428,6968,3786,19642,6968,0,746,19658,312,434,19658,0,1294201,2885876,338221,955980,1033271,1852605,n227,false,0.6958552005204061,0.7896774116219453,0,26,false,103,8,0.5890693253033549,0.627611914809818,null
8762968,4246728,7685486,875941,201541,7403624,281862,312900,575,167249,34292,3383721,4019903,161863,119999,34462,0,125323,41926,20858,13434,66651,4180077,15851,30396,20404,5826,10025,2289,3537,6813,3212,23428,6968,3786,19642,6968,0,746,19658,312,434,19658,0,1294201,2885876,338221,955980,1033271,1852605,n231,true,0.8665541685621021,0.9050642525170385,0,181,false,102,6,0.4529939738000774,0.38190564961263385,null
8762968,4246728,7685486,875941,201541,7403624,281862,312900,575,167249,34292,3383721,4019903,161863,119999,34462,0,125323,41926,20858,13434,66651,4180077,15851,30396,20404,5826,10025,2289,3537,6813,3212,23428,6968,3786,19642,6968,0,746,19658,312,434,19658,0,1294201,2885876,338221,955980,1033271,1852605,n232,true,0.5823751018135103,0.5435993214132495,1,601,false,101,5,0.4021808997619318,0.5073988640904806,null
8762968,4246728,7685486,875941,201541,7403624,281862,312900,575,167249,34292,3383721,4019903,161863,119999,34462,0,125323,41926,20858,13434,66651,4180077,15851,30396,20404,5826,10025,2289,3537,6813,3212,23428,6968,3786,19642,6968,0,746,19658,312,434,19658,0,1294201,2885876,338221,955980,1033271,1852605,n236,true,0.42148562318191635,0.38396579246806417,0,574,false,101,3,0.06806374590669867,0.3602979664907451,null
8762968,4246728,7685486,875941,201541,7403624,281862,312900,575,167249,34292,3383721,4019903,161863,119999,34462,0,125323,41926,20858,13434,66651,4180077,15851,30396,20404,5826,10025,2289,3537,6813,3212,23428,6968,3786,19642,6968,0,746,19658,312,434,19658,0,1294201,2885876,338221,955980,1033271,1852605,n240,true,0.9147192857168839,0.8526409944401955,3,165,false,1,3,0.36281939132043617,0.6030613056562107,null
8762968,4246728,7685486,875941,201541,7403624,281862,312900,575,167249,34292,3383721,4019903,161863,119999,34462,0,125323,41926,20858,13434,66651,4180077,15851,30396,20404,5826,10025,2289,3537,6813,3212,23428,6968,3786,19642,6968,0,746,19658,312,434,19658,0,1294201,2885876,338221,955980,1033271,1852605,n242,false,0.5749231024736127,0.6361630201016543,0,949,false,103,7,0.4769598650307638,0.2523504264099077,null
8762968,4246728,7685486,875941,201541,7403624,281862,312900,575,167249,34292,3383721,4019903,161863,119999,34462,0,125323,41926,20858,13434,66651,4180077,15851,30396,20404,5826,10025,2289,3537,6813,3212,23428,6968,3786,19642,6968,0,746,19658,312,434,19658,0,1294201,2885876,338221,955980,1033271,1852605,n244,true,0.4365019332812413,0.5962337191377807,0,105,false,101,5,0.5391706996690498,0.6957862544178423,null
8762968,4246728,7685486,875941,201541,7403624,281862,312900,575,167249,34292,3383721,4019903,161863,119999,34462,0,125323,41926,20858,13434,66651,4180077,15851,30396,20404,5826,10025,2289,3537,6813,3212,23428,6968,3786,19642,6968,0,746,19658,312,434,19658,0,1294201,2885876,338221,955980,1033271,1852605,n246,false,0.9900923352053801,0.5308132096526339,0,1630,false,103,7,0.3450737915319737,0.5408514262115841,null
8762968,4246728,7685486,875941,201541,7403624,281862,312900,575,167249,34292,3383721,4019903,161863,119999,34462,0,125323,41926,20858,13434,66651,4180077,15851,30396,20404,5826,10025,2289,3537,6813,3212,23428,6968,3786,19642,6968,0,746,19658,312,434,19658,0,1294201,2885876,338221,955980,1033271,1852605,n247,false,0.5463762651467698,0.6576163730516773,0,81,false,103,9,0.965025036416464,0.6938812195351587,null
8762968,4246728,7685486,875941,201541,7403624,281862,312900,575,167249,34292,3383721,4019903,161863,119999,34462,0,125323,41926,20858,13434,66651,4180077,15851,30396,20404,5826,10025,2289,3537,6813,3212,23428,6968,3786,19642,6968,0,746,19658,312,434,19658,0,1294201,2885876,338221,955980,1033271,1852605,n250,true,0.18071561059806202,0.6634008959898412,0,72,false,15,15,0.1587482167829723,0.3395673089837816,null
8762968,4246728,7685486,875941,201541,7403624,281862,312900,575,167249,34292,3383721,4019903,161863,119999,34462,0,125323,41926,20858,13434,66651,4180077,15851,30396,20404,5826,10025,2289,3537,6813,3212,23428,6968,3786,19642,6968,0,746,19658,312,434,19658,0,1294201,2885876,338221,955980,1033271,1852605,n254,false,0.3291866528863477,0.5794189470826695,0,481,false,101,2,0.5655834234255578,0.3783375348860447,null
8762968,4246728,7685486,875941,201541,7403624,281862,312900,575,167249,34292,3383721,4019903,161863,119999,34462,0,125323,41926,20858,13434,66651,4180077,15851,30396,20404,5826,10025,2289,3537,6813,3212,23428,6968,3786,19642,6968,0,746,19658,312,434,19658,0,1294201,2885876,338221,955980,1033271,1852605,n255,true,0.10625562087551375,0.5301155513921446,0,786,false,102,5,0.7011034624275012,0.7848850197915525,null
8762968,4246728,7685486,875941,201541,7403624,281862,312900,575,167249,34292,3383721,4019903,161863,119999,34462,0,125323,41926,20858,13434,66651,4180077,15851,30396,20404,5826,10025,2289,3537,6813,3212,23428,6968,3786,19642,6968,0,746,19658,312,434,19658,0,1294201,2885876,338221,955980,1033271,1852605,n256,true,0.043745337070408286,0.4161437474214315,0,4800,false,0,0,0.727854367258614,0.788088845537155,null
8762968,4246728,7685486,875941,201541,7403624,281862,312900,575,167249,34292,3383721,4019903,161863,119999,34462,0,125323,41926,20858,13434,66651,4180077,15851,30396,20404,5826,10025,2289,3537,6813,3212,23428,6968,3786,19642,6968,0,746,19658,312,434,19658,0,1294201,2885876,338221,955980,1033271,1852605,n261,true,0.25892508493187577,0.698104548986913,0,246,false,107,15,0.945734526325325,0.14614461731947392,null
8762968,4246728,7685486,875941,201541,7403624,281862,312900,575,167249,34292,3383721,4019903,161863,119999,34462,0,125323,41926,20858,13434,66651,4180077,15851,30396,20404,5826,10025,2289,3537,6813,3212,23428,6968,3786,19642,6968,0,746,19658,312,434,19658,0,1294201,2885876,338221,955980,1033271,1852605,n266,false,0.6955362796480322,0.959338157481257,0,321,false,106,19,0.9045230536450523,0.6649659142847693,null
8762968,4246728,7685486,875941,201541,7403624,281862,312900,575,167249,34292,3383721,4019903,161863,119999,34462,0,125323,41926,20858,13434,66651,4180077,15851,30396,20404,5826,10025,2289,3537,6813,3212,23428,6968,3786,19642,6968,0,746,19658,312,434,19658,0,1294201,2885876,338221,955980,1033271,1852605,n267,true,0.2011091137576527,0.5922577640676502,0,272,false,16,11,0.6315056619344931,0.2858134242182867,null
8762968,4246728,7685486,875941,201541,7403624,281862,312900,575,167249,34292,3383721,4019903,161863,119999,34462,0,125323,41926,20858,13434,66651,4180077,15851,30396,20404,5826,10025,2289,3537,6813,3212,23428,6968,3786,19642,6968,0,746,19658,312,434,19658,0,1294201,2885876,338221,955980,1033271,1852605,n273,false,0.4261944756879185,0.8826869090512035,0,227,false,103,6,0.34419848249222684,0.7925193632313947,null
8762968,4246728,7685486,875941,201541,7403624,281862,312900,575,167249,34292,3383721,4019903,161863,119999,34462,0,125323,41926,20858,13434,66651,4180077,15851,30396,20404,5826,10025,2289,3537,6813,3212,23428,6968,3786,19642,6968,0,746,19658,312,434,19658,0,1294201,2885876,338221,955980,1033271,1852605,n274,true,0.5014021909286941,0.7685404778219884,1,1234,false,11,11,0.2156739952399951,0.7055876013285065,null
8762968,4246728,7685486,875941,201541,7403624,281862,312900,575,167249,34292,3383721,4019903,161863,119999,34462,0,125323,41926,20858,13434,66651,4180077,15851,30396,20404,5826,10025,2289,3537,6813,3212,23428,6968,3786,19642,6968,0,746,19658,312,434,19658,0,1294201,2885876,338221,955980,1033271,1852605,n275,true,0.5829084760307207,0.562392135157726,16,1591,false,2,3,0.13277611537062017,0.9628014497612124,null
8762968,4246728,7685486,875941,201541,7403624,281862,312900,575,167249,34292,3383721,4019903,161863,119999,34462,0,125323,41926,20858,13434,66651,4180077,15851,30396,20404,5826,10025,2289,3537,6813,3212,23428,6968,3786,19642,6968,0,746,19658,312,434,19658,0,1294201,2885876,338221,955980,1033271,1852605,n276,true,0.38308208363325547,0.8338031149395346,0,408,false,102,8,0.7413042541696848,0.4658740743927722,null
8762968,4246728,7685486,875941,201541,7403624,281862,312900,575,167249,34292,3383721,4019903,161863,119999,34462,0,125323,41926,20858,13434,66651,4180077,15851,30396,20404,5826,10025,2289,3537,6813,3212,23428,6968,3786,19642,6968,0,746,19658,312,434,19658,0,1294201,2885876,338221,955980,1033271,1852605,n278,true,0.06396066361201452,0.48588110173202276,3,957,false,4,4,0.4494597952686611,0.19242134630556185,null
8762968,4246728,7685486,875941,201541,7403624,281862,312900,575,167249,34292,3383721,4019903,161863,119999,34462,0,125323,41926,20858,13434,66651,4180077,15851,30396,20404,5826,10025,2289,3537,6813,3212,23428,6968,3786,19642,6968,0,746,19658,312,434,19658,0,1294201,2885876,338221,955980,1033271,1852605,n279,true,0.8741354811040427,0.7688647347118855,0,100,false,106,15,0.183842715616215,0.4102871748950908,null
8762968,4246728,7685486,875941,201541,7403624,281862,312900,575,167249,34292,3383721,4019903,161863,119999,34462,0,125323,41926,20858,13434,66651,4180077,15851,30396,20404,5826,10025,2289,3537,6813,3212,23428,6968,3786,19642,6968,0,746,19658,312,434,19658,0,1294201,2885876,338221,955980,1033271,1852605,n283,true,0.4586534896996872,0.450726580891438,0,1970,false,101,3,0.780456243568221,0.7846781651017639,null
8762968,4246728,7685486,875941,201541,7403624,281862,312900,575,167249,34292,3383721,4019903,161863,119999,34462,0,125323,41926,20858,13434,66651,4180077,15851,30396,20404,5826,10025,2289,3537,6813,3212,23428,6968,3786,19642,6968,0,746,19658,312,434,19658,0,1294201,2885876,338221,955980,1033271,1852605,n287,true,0.6390938593646927,0.5331199352011853,1,284,false,6,4,0.5588548837466345,0.6053854003899061,null
8762968,4246728,7685486,875941,201541,7403624,281862,312900,575,167249,34292,3383721,4019903,161863,119999,34462,0,125323,41926,20858,13434,66651,4180077,15851,30396,20404,5826,10025,2289,3537,6813,3212,23428,6968,3786,19642,6968,0,746,19658,312,434,19658,0,1294201,2885876,338221,955980,1033271,1852605,n289,true,0.18915974423936127,0.846114532927343,0,133,false,102,7,0.39408663982984365,0.269046345004881,null
8762968,4246728,7685486,875941,201541,7403624,281862,312900,575,167249,34292,3383721,4019903,161863,119999,34462,0,125323,41926,20858,13434,66651,4180077,15851,30396,20404,5826,10025,2289,3537,6813,3212,23428,6968,3786,19642,6968,0,746,19658,312,434,19658,0,1294201,2885876,338221,955980,1033271,1852605,n290,true,0.22277157874742712,0.5655229474433465,1,494,false,8,9,0.09066755739106247,0.9616216583436319,null
8762968,4246728,7685486,875941,201541,7403624,281862,312900,575,167249,34292,3383721,4019903,161863,119999,34462,0,125323,41926,20858,13434,66651,4180077,15851,30396,20404,5826,10025,2289,3537,6813,3212,23428,6968,3786,19642,6968,0,746,19658,312,434,19658,0,1294201,2885876,338221,955980,1033271,1852605,n291,false,0.07717342877053276,0.8319703408322697,0,1211,false,101,2,0.5206758150249008,0.39327544936389913,null
8762968,4246728,7685486,875941,201541,7403624,281862,312900,575,167249,34292,3383721,4019903,161863,119999,34462,0,125323,41926,20858,13434,66651,4180077,15851,30396,20404,5826,10025,2289,3537,6813,3212,23428,6968,3786,19642,6968,0,746,19658,312,434,19658,0,1294201,2885876,338221,955980,1033271,1852605,n295,false,0.913605173365853,0.6454183031847034,0,1546,false,101,3,0.23294950864550046,0.561385513110991,null
8762968,4246728,7685486,875941,201541,7403624,281862,312900,575,167249,34292,3383721,4019903,161863,119999,34462,0,125323,41926,20858,13434,66651,4180077,15851,30396,20404,5826,10025,2289,3537,6813,3212,23428,6968,3786,19642,6968,0,746,19658,312,434,19658,0,1294201,2885876,338221,955980,1033271,1852605,n296,true,0.018692568766566466,0.5924580040128327,0,1815,false,101,5,0.7820749513680019,0.5162290791393496,null
8762968,4246728,7685486,875941,201541,7403624,281862,312900,575,167249,34292,3383721,4019903,161863,119999,34462,0,125323,41926,20858,13434,66651,4180077,15851,30396,20404,5826,10025,2289,3537,6813,3212,23428,6968,3786,19642,6968,0,746,19658,312,434,19658,0,1294201,2885876,338221,955980,1033271,1852605,n297,true,0.9951326843982201,0.5298737025377699,0,2081,false,101,3,0.03676210114308193,0.8747297387271331,null
8762968,4246728,7685486,875941,201541,7403624,281862,312900,575,167249,34292,3383721,4019903,161863,119999,34462,0,125323,41926,20858,13434,66651,4180077,15851,30396,20404,5826,10025,2289,3537,6813,3212,23428,6968,3786,19642,6968,0,746,19658,312,434,19658,0,1294201,2885876,338221,955980,1033271,1852605,n298,true,0.07911181818265606,0.752014927638804,0,1315,false,61,11,0.3703565208530286,0.865860628078848,null
8762968,4246728,7685486,875941,201541,7403624,281862,312900,575,167249,34292,3383721,4019903,161863,119999,34462,0,125323,41926,20858,13434,66651,4180077,15851,30396,20404,5826,10025,2289,3537,6813,3212,23428,6968,3786,19642,6968,0,746,19658,312,434,19658,0,1294201,2885876,338221,955980,1033271,1852605,n303,true,0.9653151975332213,0.6516628179752664,0,93,false,107,18,0.4407637917839315,0.9294349803125972,null
8762968,4246728,7685486,875941,201541,7403624,281862,312900,575,167249,34292,3383721,4019903,161863,119999,34462,0,125323,41926,20858,13434,66651,4180077,15851,30396,20404,5826,10025,2289,3537,6813,3212,23428,6968,3786,19642,6968,0,746,19658,312,434,19658,0,1294201,2885876,338221,955980,1033271,1852605,n307,false,0.6009598204050117,0.3932790360621328,0,132,false,103,7,0.739234984614906,0.6609815375068789,null
8762968,4246728,7685486,875941,201541,7403624,281862,312900,575,167249,34292,3383721,4019903,161863,119999,34462,0,125323,41926,20858,13434,66651,4180077,15851,30396,20404,5826,10025,2289,3537,6813,3212,23428,6968,3786,19642,6968,0,746,19658,312,434,19658,0,1294201,2885876,338221,955980,1033271,1852605,n311,false,0.4431432798514251,0.9133639639773894,0,4781,false,100,2,0.7002130698787379,0.7397362978758772,null
8762968,4246728,7685486,875941,201541,7403624,281862,312900,575,167249,34292,3383721,4019903,161863,119999,34462,0,125323,41926,20858,13434,66651,4180077,15851,30396,20404,5826,10025,2289,3537,6813,3212,23428,6968,3786,19642,6968,0,746,19658,312,434,19658,0,1294201,2885876,338221,955980,1033271,1852605,n312,true,0.06288484436292573,0.678390923781159,0,575,false,103,9,0.657358225520886,0.5773371047649191,null
8762968,4246728,7685486,875941,201541,7403624,281862,312900,575,167249,34292,3383721,4019903,161863,119999,34462,0,125323,41926,20858,13434,66651,4180077,15851,30396,20404,5826,10025,2289,3537,6813,3212,23428,6968,3786,19642,6968,0,746,19658,312,434,19658,0,1294201,2885876,338221,955980,1033271,1852605,n315,false,0.15124463672501914,0.9456063978248889,0,2234,false,100,2,0.12302848716406595,0.653271628349095,null
8762968,4246728,7685486,875941,201541,7403624,281862,312900,575,167249,34292,3383721,4019903,161863,119999,34462,0,125323,41926,20858,13434,66651,4180077,15851,30396,20404,5826,10025,2289,3537,6813,3212,23428,6968,3786,19642,6968,0,746,19658,312,434,19658,0,1294201,2885876,338221,955980,1033271,1852605,n319,true,0.38535511485132434,0.7083825610144212,0,205,false,13,13,0.39115814077571165,0.8581224301094004,null
8762968,4246728,7685486,875941,201541,7403624,281862,312900,575,167249,34292,3383721,4019903,161863,119999,34462,0,125323,41926,20858,13434,66651,4180077,15851,30396,20404,5826,10025,2289,3537,6813,3212,23428,6968,3786,19642,6968,0,746,19658,312,434,19658,0,1294201,2885876,338221,955980,1033271,1852605,n322,true,0.17902132394926365,0.8990299340568311,0,2,false,32,13,0.008806342633513653,0.7737546257680542,null
8762968,4246728,7685486,875941,201541,7403624,281862,312900,575,167249,34292,3383721,4019903,161863,119999,34462,0,125323,41926,20858,13434,66651,4180077,15851,30396,20404,5826,10025,2289,3537,6813,3212,23428,6968,3786,19642,6968,0,746,19658,312,434,19658,0,1294201,2885876,338221,955980,1033271,1852605,n323,true,0.7638674206172215,0.4909576023895596,0,2966,false,100,3,0.5175647152534532,0.9612104030901678,null
8762968,4246728,7685486,875941,201541,7403624,281862,312900,575,167249,34292,3383721,4019903,161863,119999,34462,0,125323,41926,20858,13434,66651,4180077,15851,30396,20404,5826,10025,2289,3537,6813,3212,23428,6968,3786,19642,6968,0,746,19658,312,434,19658,0,1294201,2885876,338221,955980,1033271,1852605,n328,true,0.5175414849647247,0.46833253568734123,0,489,false,102,6,0.5107648450418514,0.9873021601539053,null
8762968,4246728,7685486,875941,201541,7403624,281862,312900,575,167249,34292,3383721,4019903,161863,119999,34462,0,125323,41926,20858,13434,66651,4180077,15851,30396,20404,5826,10025,2289,3537,6813,3212,23428,6968,3786,19642,6968,0,746,19658,312,434,19658,0,1294201,2885876,338221,955980,1033271,1852605,n330,true,0.5447999874782803,0.5594476565784882,1,479,false,102,5,0.03008456100742829,0.7393944226131263,null
8762968,4246728,7685486,875941,201541,7403624,281862,312900,575,167249,34292,3383721,4019903,161863,119999,34462,0,125323,41926,20858,13434,66651,4180077,15851,30396,20404,5826,10025,2289,3537,6813,3212,23428,6968,3786,19642,6968,0,746,19658,312,434,19658,0,1294201,2885876,338221,955980,1033271,1852605,n334,true,0.5345606942948304,0.873983048119277,14,3801,false,81,5,0.29331151023406726,0.945055689727362,null
8762968,4246728,7685486,875941,201541,7403624,281862,312900,575,167249,34292,3383721,4019903,161863,119999,34462,0,125323,41926,20858,13434,66651,4180077,15851,30396,20404,5826,10025,2289,3537,6813,3212,23428,6968,3786,19642,6968,0,746,19658,312,434,19658,0,1294201,2885876,338221,955980,1033271,1852605,n336,true,0.6771148453428486,0.7519137880499579,0,180,false,102,6,0.4821586169273337,0.6774344919852218,null
8762968,4246728,7685486,875941,201541,7403624,281862,312900,575,167249,34292,3383721,4019903,161863,119999,34462,0,125323,41926,20858,13434,66651,4180077,15851,30396,20404,5826,10025,2289,3537,6813,3212,23428,6968,3786,19642,6968,0,746,19658,312,434,19658,0,1294201,2885876,338221,955980,1033271,1852605,n340,false,0.6294576328183944,0.6077895963277195,0,615,false,101,4,0.44160629495144077,0.710502570956199,null
8762968,4246728,7685486,875941,201541,7403624,281862,312900,575,167249,34292,3383721,4019903,161863,119999,34462,0,125323,41926,20858,13434,66651,4180077,15851,30396,20404,5826,10025,2289,3537,6813,3212,23428,6968,3786,19642,6968,0,746,19658,312,434,19658,0,1294201,2885876,338221,955980,1033271,1852605,n342,true,0.7408836854437751,0.6542201326168098,1,475,false,105,13,0.7933625137102159,0.5917813313127359,null
8762968,4246728,7685486,875941,201541,7403624,281862,312900,575,167249,34292,3383721,4019903,161863,119999,34462,0,125323,41926,20858,13434,66651,4180077,15851,30396,20404,5826,10025,2289,3537,6813,3212,23428,6968,3786,19642,6968,0,746,19658,312,434,19658,0,1294201,2885876,338221,955980,1033271,1852605,n346,true,0.8161853951661855,0.9626397696358517,0,883,false,33,22,0.031045487605653843,0.18465385732483502,null
8762968,4246728,7685486,875941,201541,7403624,281862,312900,575,167249,34292,3383721,4019903,161863,119999,34462,0,125323,41926,20858,13434,66651,4180077,15851,30396,20404,5826,10025,2289,3537,6813,3212,23428,6968,3786,19642,6968,0,746,19658,312,434,19658,0,1294201,2885876,338221,955980,1033271,1852605,n347,true,0.14261258341471214,0.7992117418523728,0,687,false,16,7,0.8478211961945646,0.4238704331501578,null
8762968,4246728,7685486,875941,201541,7403624,281862,312900,575,167249,34292,3383721,4019903,161863,119999,34462,0,125323,41926,20858,13434,66651,4180077,15851,30396,20404,5826,10025,2289,3537,6813,3212,23428,6968,3786,19642,6968,0,746,19658,312,434,19658,0,1294201,2885876,338221,955980,1033271,1852605,n350,true,0.43720562389992135,0.7294720222379705,0,2006,false,6,5,0.5004653837328762,0.8561535380715988,null
8762968,4246728,7685486,875941,201541,7403624,281862,312900,575,167249,34292,3383721,4019903,161863,119999,34462,0,125323,41926,20858,13434,66651,4180077,15851,30396,20404,5826,10025,2289,3537,6813,3212,23428,6968,3786,19642,6968,0,746,19658,312,434,19658,0,1294201,2885876,338221,955980,1033271,1852605,n351,true,0.39038086347125917,0.904691036616672,0,264,false,105,19,0.13536365905467113,0.967159802994153,null
8762968,4246728,7685486,875941,201541,7403624,281862,312900,575,167249,34292,3383721,4019903,161863,119999,34462,0,125323,41926,20858,13434,66651,4180077,15851,30396,20404,5826,10025,2289,3537,6813,3212,23428,6968,3786,19642,6968,0,746,19658,312,434,19658,0,1294201,2885876,338221,955980,1033271,1852605,n361,false,0.4058603539530908,0.6737966548988231,0,659,false,103,7,0.4407533618060482,0.8800053754391355,null
8762968,4246728,7685486,875941,201541,7403624,281862,312900,575,167249,34292,3383721,4019903,161863,119999,34462,0,125323,41926,20858,13434,66651,4180077,15851,30396,20404,5826,10025,2289,3537,6813,3212,23428,6968,3786,19642,6968,0,746,19658,312,434,19658,0,1294201,2885876,338221,955980,1033271,1852605,n363,true,0.04654865026610063,0.5255898259401581,0,1058,false,102,5,0.39389963484522916,0.9360260461656795,null
8762968,4246728,7685486,875941,201541,7403624,281862,312900,575,167249,34292,3383721,4019903,161863,119999,34462,0,125323,41926,20858,13434,66651,4180077,15851,30396,20404,5826,10025,2289,3537,6813,3212,23428,6968,3786,19642,6968,0,746,19658,312,434,19658,0,1294201,2885876,338221,955980,1033271,1852605,n367,false,0.5672440621313637,0.8129051166756505,0,599,false,102,6,0.04422265809902687,0.4055985167976581,null
8762968,4246728,7685486,875941,201541,7403624,281862,312900,575,167249,34292,3383721,4019903,161863,119999,34462,0,125323,41926,20858,13434,66651,4180077,15851,30396,20404,5826,10025,2289,3537,6813,3212,23428,6968,3786,19642,6968,0,746,19658,312,434,19658,0,1294201,2885876,338221,955980,1033271,1852605,n371,true,0.26783524357243943,0.8476777053972349,0,563,false,106,13,0.5686637933203663,0.6548516707600839,null
8762968,4246728,7685486,875941,201541,7403624,281862,312900,575,167249,34292,3383721,4019903,161863,119999,34462,0,125323,41926,20858,13434,66651,4180077,15851,30396,20404,5826,10025,2289,3537,6813,3212,23428,6968,3786,19642,6968,0,746,19658,312,434,19658,0,1294201,2885876,338221,955980,1033271,1852605,n372,false,0.7371871767084848,0.7983510348524812,0,508,false,101,3,0.4755349088779074,0.8300201312969053,null
8762968,4246728,7685486,875941,201541,7403624,281862,312900,575,167249,34292,3383721,4019903,161863,119999,34462,0,125323,41926,20858,13434,66651,4180077,15851,30396,20404,5826,10025,2289,3537,6813,3212,23428,6968,3786,19642,6968,0,746,19658,312,434,19658,0,1294201,2885876,338221,955980,1033271,1852605,n373,false,0.999996065222284,0.8119735235643616,0,346,false,101,7,0.5122104033885687,0.4531288432264805,null
8762968,4246728,7685486,875941,201541,7403624,281862,312900,575,167249,34292,3383721,4019903,161863,119999,34462,0,125323,41926,20858,13434,66651,4180077,15851,30396,20404,5826,10025,2289,3537,6813,3212,23428,6968,3786,19642,6968,0,746,19658,312,434,19658,0,1294201,2885876,338221,955980,1033271,1852605,n377,false,0.18882088778620731,0.744514158246841,0,2,false,105,14,0.6875367197314719,0.7404307214260434,null
8762968,4246728,7685486,875941,201541,7403624,281862,312900,575,167249,34292,3383721,4019903,161863,119999,34462,0,125323,41926,20858,13434,66651,4180077,15851,30396,20404,5826,10025,2289,3537,6813,3212,23428,6968,3786,19642,6968,0,746,19658,312,434,19658,0,1294201,2885876,338221,955980,1033271,1852605,n378,false,0.7782050865924459,0.9232498255658972,0,761,false,103,6,0.43750588231382503,0.9820008046591631,null
8762968,4246728,7685486,875941,201541,7403624,281862,312900,575,167249,34292,3383721,4019903,161863,119999,34462,0,125323,41926,20858,13434,66651,4180077,15851,30396,20404,5826,10025,2289,3537,6813,3212,23428,6968,3786,19642,6968,0,746,19658,312,434,19658,0,1294201,2885876,338221,955980,1033271,1852605,n387,false,0.14876840132487032,0.8079335556694368,0,55,true,59,8,0.3528288190489358,0.5299489764819828,null
8762968,4246728,7685486,875941,201541,7403624,281862,312900,575,167249,34292,3383721,4019903,161863,119999,34462,0,125323,41926,20858,13434,66651,4180077,15851,30396,20404,5826,10025,2289,3537,6813,3212,23428,6968,3786,19642,6968,0,746,19658,312,434,19658,0,1294201,2885876,338221,955980,1033271,1852605,n390,true,0.4464361336228277,0.671377803731401,0,1692,false,101,3,0.6273604041205494,0.6649164965187703,null
8762968,4246728,7685486,875941,201541,7403624,281862,312900,575,167249,34292,3383721,4019903,161863,119999,34462,0,125323,41926,20858,13434,66651,4180077,15851,30396,20404,5826,10025,2289,3537,6813,3212,23428,6968,3786,19642,6968,0,746,19658,312,434,19658,0,1294201,2885876,338221,955980,1033271,1852605,n395,true,0.749103619404053,0.5218706832248254,0,79,false,106,14,0.3418245795173784,0.5415687118872972,null
8762968,4246728,7685486,875941,201541,7403624,281862,312900,575,167249,34292,3383721,4019903,161863,119999,34462,0,125323,41926,20858,13434,66651,4180077,15851,30396,20404,5826,10025,2289,3537,6813,3212,23428,6968,3786,19642,6968,0,746,19658,312,434,19658,0,1294201,2885876,338221,955980,1033271,1852605,n398,false,0.006646927099619111,0.6637146883829768,0,5,false,103,6,0.6742916019168679,0.5627494537735184,null
8762968,4246728,7685486,875941,201541,7403624,281862,312900,575,167249,34292,3383721,4019903,161863,119999,34462,0,125323,41926,20858,13434,66651,4180077,15851,30396,20404,5826,10025,2289,3537,6813,3212,23428,6968,3786,19642,6968,0,746,19658,312,434,19658,0,1294201,2885876,338221,955980,1033271,1852605,n399,true,0.05936157376462569,0.46650327628919486,2,1265,false,0,1,0.3732258806630647,0.9666404649004724,null
8762968,4246728,7685486,875941,201541,7403624,281862,312900,575,167249,34292,3383721,4019903,161863,119999,34462,0,125323,41926,20858,13434,66651,4180077,15851,30396,20404,5826,10025,2289,3537,6813,3212,23428,6968,3786,19642,6968,0,746,19658,312,434,19658,0,1294201,2885876,338221,955980,1033271,1852605,n403,true,0.07383919570079141,0.8234796073242043,0,507,false,50,15,0.6295804581442878,0.8582870284428741,null
8762968,4246728,7685486,875941,201541,7403624,281862,312900,575,167249,34292,3383721,4019903,161863,119999,34462,0,125323,41926,20858,13434,66651,4180077,15851,30396,20404,5826,10025,2289,3537,6813,3212,23428,6968,3786,19642,6968,0,746,19658,312,434,19658,0,1294201,2885876,338221,955980,1033271,1852605,n406,true,0.1913075190022273,0.6401158774794073,0,841,false,100,2,0.4415077672480725,0.7685105032989805,null
8762968,4246728,7685486,875941,201541,7403624,281862,312900,575,167249,34292,3383721,4019903,161863,119999,34462,0,125323,41926,20858,13434,66651,4180077,15851,30396,20404,5826,10025,2289,3537,6813,3212,23428,6968,3786,19642,6968,0,746,19658,312,434,19658,0,1294201,2885876,338221,955980,1033271,1852605,n414,true,0.22578524158773114,0.706651275171924,1,1321,false,66,11,0.8945329529408046,0.7624545159794143,null
8762968,4246728,7685486,875941,201541,7403624,281862,312900,575,167249,34292,3383721,4019903,161863,119999,34462,0,125323,41926,20858,13434,66651,4180077,15851,30396,20404,5826,10025,2289,3537,6813,3212,23428,6968,3786,19642,6968,0,746,19658,312,434,19658,0,1294201,2885876,338221,955980,1033271,1852605,n415,true,0.6457991629142782,0.6538915357345602,0,1387,false,102,7,0.6921674531059644,0.9132789451279076,null
8762968,4246728,7685486,875941,201541,7403624,281862,312900,575,167249,34292,3383721,4019903,161863,119999,34462,0,125323,41926,20858,13434,66651,4180077,15851,30396,20404,5826,10025,2289,3537,6813,3212,23428,6968,3786,19642,6968,0,746,19658,312,434,19658,0,1294201,2885876,338221,955980,1033271,1852605,n417,true,0.28920027778938784,0.5639324765740248,0,224,false,13,7,0.6186619279972331,0.2459808741378527,null
8762968,4246728,7685486,875941,201541,7403624,281862,312900,575,167249,34292,3383721,4019903,161863,119999,34462,0,125323,41926,20858,13434,66651,4180077,15851,30396,20404,5826,10025,2289,3537,6813,3212,23428,6968,3786,19642,6968,0,746,19658,312,434,19658,0,1294201,2885876,338221,955980,1033271,1852605,n419,false,0.31883702371810296,0.7084358076325086,0,347,false,105,10,0.2751682603121339,0.9548368462643653,null
8762968,4246728,7685486,875941,201541,7403624,281862,312900,575,167249,34292,3383721,4019903,161863,119999,34462,0,125323,41926,20858,13434,66651,4180077,15851,30396,20404,5826,10025,2289,3537,6813,3212,23428,6968,3786,19642,6968,0,746,19658,312,434,19658,0,1294201,2885876,338221,955980,1033271,1852605,n422,true,0.0816124417072873,0.5864579925517522,4,157,false,7,5,0.8219266783910335,0.40422967103830754,null
8762968,4246728,7685486,875941,201541,7403624,281862,312900,575,167249,34292,3383721,4019903,161863,119999,34462,0,125323,41926,20858,13434,66651,4180077,15851,30396,20404,5826,10025,2289,3537,6813,3212,23428,6968,3786,19642,6968,0,746,19658,312,434,19658,0,1294201,2885876,338221,955980,1033271,1852605,n424,true,0.850809514123047,0.9814777463888431,0,2202,false,101,3,0.5017057861531299,0.6026100497194137,null
8762968,4246728,7685486,875941,201541,7403624,281862,312900,575,167249,34292,3383721,4019903,161863,119999,34462,0,125323,41926,20858,13434,66651,4180077,15851,30396,20404,5826,10025,2289,3537,6813,3212,23428,6968,3786,19642,6968,0,746,19658,312,434,19658,0,1294201,2885876,338221,955980,1033271,1852605,n425,false,0.6448484663187954,0.5114945832241089,0,9,false,102,4,0.7408332559575208,0.43252071092805666,null
8762968,4246728,7685486,875941,201541,7403624,281862,312900,575,167249,34292,3383721,4019903,161863,119999,34462,0,125323,41926,20858,13434,66651,4180077,15851,30396,20404,5826,10025,2289,3537,6813,3212,23428,6968,3786,19642,6968,0,746,19658,312,434,19658,0,1294201,2885876,338221,955980,1033271,1852605,n429,false,0.01982361692707514,0.4536248465245639,0,283,false,103,6,0.19767999684901472,0.34085162042354206,null
8762968,4246728,7685486,875941,201541,7403624,281862,312900,575,167249,34292,3383721,4019903,161863,119999,34462,0,125323,41926,20858,13434,66651,4180077,15851,30396,20404,5826,10025,2289,3537,6813,3212,23428,6968,3786,19642,6968,0,746,19658,312,434,19658,0,1294201,2885876,338221,955980,1033271,1852605,n432,true,0.22294032685961837,0.8759579473252637,12,555,false,105,11,0.11968968182860434,0.37723872181405765,null
8762968,4246728,7685486,875941,201541,7403624,281862,312900,575,167249,34292,3383721,4019903,161863,119999,34462,0,125323,41926,20858,13434,66651,4180077,15851,30396,20404,5826,10025,2289,3537,6813,3212,23428,6968,3786,19642,6968,0,746,19658,312,434,19658,0,1294201,2885876,338221,955980,1033271,1852605,n433,true,0.9661784476942729,0.6952432207875855,1,901,false,103,7,0.5358164111396453,0.8307030426977562,null
8762968,4246728,7685486,875941,201541,7403624,281862,312900,575,167249,34292,3383721,4019903,161863,119999,34462,0,125323,41926,20858,13434,66651,4180077,15851,30396,20404,5826,10025,2289,3537,6813,3212,23428,6968,3786,19642,6968,0,746,19658,312,434,19658,0,1294201,2885876,338221,955980,1033271,1852605,n434,true,0.6233006794488672,0.7288342441868327,3,648,false,2,3,0.35375159735361994,0.8967582543775952,null
8762968,4246728,7685486,875941,201541,7403624,281862,312900,575,167249,34292,3383721,4019903,161863,119999,34462,0,125323,41926,20858,13434,66651,4180077,15851,30396,20404,5826,10025,2289,3537,6813,3212,23428,6968,3786,19642,6968,0,746,19658,312,434,19658,0,1294201,2885876,338221,955980,1033271,1852605,n437,false,0.11560667852367806,0.910993071766485,0,1223,false,102,6,0.2502067190159453,0.9262868619785822,null
8762968,4246728,7685486,875941,201541,7403624,281862,312900,575,167249,34292,3383721,4019903,161863,119999,34462,0,125323,41926,20858,13434,66651,4180077,15851,30396,20404,5826,10025,2289,3537,6813,3212,23428,6968,3786,19642,6968,0,746,19658,312,434,19658,0,1294201,2885876,338221,955980,1033271,1852605,n439,true,0.10661740369442102,0.4402111894418519,1,1142,false,101,5,0.8773506243957976,0.8000991151358952,null
8762968,4246728,7685486,875941,201541,7403624,281862,312900,575,167249,34292,3383721,4019903,161863,119999,34462,0,125323,41926,20858,13434,66651,4180077,15851,30396,20404,5826,10025,2289,3537,6813,3212,23428,6968,3786,19642,6968,0,746,19658,312,434,19658,0,1294201,2885876,338221,955980,1033271,1852605,n444,true,0.29996583303838054,0.7492556174045889,1,406,false,22,15,0.41966039163716246,0.8395254988764946,null
8762968,4246728,7685486,875941,201541,7403624,281862,312900,575,167249,34292,3383721,4019903,161863,119999,34462,0,125323,41926,20858,13434,66651,4180077,15851,30396,20404,5826,10025,2289,3537,6813,3212,23428,6968,3786,19642,6968,0,746,19658,312,434,19658,0,1294201,2885876,338221,955980,1033271,1852605,n448,true,0.8473958260078471,0.8964322267424065,0,392,false,105,15,0.7942598103901766,0.7367830698762994,null
8762968,4246728,7685486,875941,201541,7403624,281862,312900,575,167249,34292,3383721,4019903,161863,119999,34462,0,125323,41926,20858,13434,66651,4180077,15851,30396,20404,5826,10025,2289,3537,6813,3212,23428,6968,3786,19642,6968,0,746,19658,312,434,19658,0,1294201,2885876,338221,955980,1033271,1852605,n449,true,0.5456234961079612,0.6173509581597424,0,1,false,109,19,0.618149678362371,0.5439006749772742,null
8762968,4246728,7685486,875941,201541,7403624,281862,312900,575,167249,34292,3383721,4019903,161863,119999,34462,0,125323,41926,20858,13434,66651,4180077,15851,30396,20404,5826,10025,2289,3537,6813,3212,23428,6968,3786,19642,6968,0,746,19658,312,434,19658,0,1294201,2885876,338221,955980,1033271,1852605,n450,false,0.7698816539034095,0.8931142570999754,0,1704,false,102,4,0.0921529083803036,0.9915807051696696,null
8762968,4246728,7685486,875941,201541,7403624,281862,312900,575,167249,34292,3383721,4019903,161863,119999,34462,0,125323,41926,20858,13434,66651,4180077,15851,30396,20404,5826,10025,2289,3537,6813,3212,23428,6968,3786,19642,6968,0,746,19658,312,434,19658,0,1294201,2885876,338221,955980,1033271,1852605,n452,true,0.5568279104460265,0.8801651797218486,15,198,false,101,4,0.9936093892141393,0.3681177685012683,null
8762968,4246728,7685486,875941,201541,7403624,281862,312900,575,167249,34292,3383721,4019903,161863,119999,34462,0,125323,41926,20858,13434,66651,4180077,15851,30396,20404,5826,10025,2289,3537,6813,3212,23428,6968,3786,19642,6968,0,746,19658,312,434,19658,0,1294201,2885876,338221,955980,1033271,1852605,n456,true,0.3733493662553167,0.6230088586189735,0,319,false,102,16,0.339675029145616,0.9308195084121298,null
8762968,4246728,7685486,875941,201541,7403624,281862,312900,575,167249,34292,3383721,4019903,161863,119999,34462,0,125323,41926,20858,13434,66651,4180077,15851,30396,20404,5826,10025,2289,3537,6813,3212,23428,6968,3786,19642,6968,0,746,19658,312,434,19658,0,1294201,2885876,338221,955980,1033271,1852605,n458,false,0.32081637531414686,0.7524326126359113,0,1372,false,102,6,0.6154885954809874,0.2595857055848828,null
8762968,4246728,7685486,875941,201541,7403624,281862,312900,575,167249,34292,3383721,4019903,161863,119999,34462,0,125323,41926,20858,13434,66651,4180077,15851,30396,20404,5826,10025,2289,3537,6813,3212,23428,6968,3786,19642,6968,0,746,19658,312,434,19658,0,1294201,2885876,338221,955980,1033271,1852605,n463,false,0.7814737926139405,0.5677123598801092,0,117,false,102,4,0.06607310172440906,0.9857478989749087,null
8762968,4246728,7685486,875941,201541,7403624,281862,312900,575,167249,34292,3383721,4019903,161863,119999,34462,0,125323,41926,20858,13434,66651,4180077,15851,30396,20404,5826,10025,2289,3537,6813,3212,23428,6968,3786,19642,6968,0,746,19658,312,434,19658,0,1294201,2885876,338221,955980,1033271,1852605,n464,false,0.17626094405821824,0.8930180701742341,0,2899,false,100,4,0.49640632417668007,0.3178929168044398,null
8762968,4246728,7685486,875941,201541,7403624,281862,312900,575,167249,34292,3383721,4019903,161863,119999,34462,0,125323,41926,20858,13434,66651,4180077,15851,30396,20404,5826,10025,2289,3537,6813,3212,23428,6968,3786,19642,6968,0,746,19658,312,434,19658,0,1294201,2885876,338221,955980,1033271,1852605,n465,true,0.4925278061438994,0.7315088761915275,4,322,false,7,13,0.05998742563785553,0.8686301483935389,null
8762968,4246728,7685486,875941,201541,7403624,281862,312900,575,167249,34292,3383721,4019903,161863,119999,34462,0,125323,41926,20858,13434,66651,4180077,15851,30396,20404,5826,10025,2289,3537,6813,3212,23428,6968,3786,19642,6968,0,746,19658,312,434,19658,0,1294201,2885876,338221,955980,1033271,1852605,n467,true,0.548222551320062,0.8883539539247611,0,714,false,23,7,0.8333323555937282,0.9966939431038286,null
8762968,4246728,7685486,875941,201541,7403624,281862,312900,575,167249,34292,3383721,4019903,161863,119999,34462,0,125323,41926,20858,13434,66651,4180077,15851,30396,20404,5826,10025,2289,3537,6813,3212,23428,6968,3786,19642,6968,0,746,19658,312,434,19658,0,1294201,2885876,338221,955980,1033271,1852605,n468,false,0.6002831387610664,0.7815522955909899,0,4800,false,100,0,0.808287638872361,0.749770985517261,null
8762968,4246728,7685486,875941,201541,7403624,281862,312900,575,167249,34292,3383721,4019903,161863,119999,34462,0,125323,41926,20858,13434,66651,4180077,15851,30396,20404,5826,10025,2289,3537,6813,3212,23428,6968,3786,19642,6968,0,746,19658,312,434,19658,0,1294201,2885876,338221,955980,1033271,1852605,n471,false,0.2872498420731172,0.4269892432737406,0,1526,false,102,6,0.25772809373656236,0.1331088407357695,null
8762968,4246728,7685486,875941,201541,7403624,281862,312900,575,167249,34292,3383721,4019903,161863,119999,34462,0,125323,41926,20858,13434,66651,4180077,15851,30396,20404,5826,10025,2289,3537,6813,3212,23428,6968,3786,19642,6968,0,746,19658,312,434,19658,0,1294201,2885876,338221,955980,1033271,1852605,n473,true,0.13294086644935652,0.7501490461099705,11,1,false,106,13,0.5302946197917737,0.9143787358439972,null
8762968,4246728,7685486,875941,201541,7403624,281862,312900,575,167249,34292,3383721,4019903,161863,119999,34462,0,125323,41926,20858,13434,66651,4180077,15851,30396,20404,5826,10025,2289,3537,6813,3212,23428,6968,3786,19642,6968,0,746,19658,312,434,19658,0,1294201,2885876,338221,955980,1033271,1852605,n477,false,0.22945465379178934,0.7959051320116368,0,826,false,104,8,0.4829994322690214,0.15568316573321195,null
8762968,4246728,7685486,875941,201541,7403624,281862,312900,575,167249,34292,3383721,4019903,161863,119999,34462,0,125323,41926,20858,13434,66651,4180077,15851,30396,20404,5826,10025,2289,3537,6813,3212,23428,6968,3786,19642,6968,0,746,19658,312,434,19658,0,1294201,2885876,338221,955980,1033271,1852605,n490,true,0.6009655264306502,0.7476106352613925,3,2589,false,84,3,0.5607437236239672,0.4847170765338509,null
8762968,4246728,7685486,875941,201541,7403624,281862,312900,575,167249,34292,3383721,4019903,161863,119999,34462,0,125323,41926,20858,13434,66651,4180077,15851,30396,20404,5826,10025,2289,3537,6813,3212,23428,6968,3786,19642,6968,0,746,19658,312,434,19658,0,1294201,2885876,338221,955980,1033271,1852605,n491,false,0.8322653907038009,0.8136497550997464,0,786,false,102,4,0.41766706149876753,0.7645470612913537,null
8762968,4246728,7685486,875941,201541,7403624,281862,312900,575,167249,34292,3383721,4019903,161863,119999,34462,0,125323,41926,20858,13434,66651,4180077,15851,30396,20404,5826,10025,2289,3537,6813,3212,23428,6968,3786,19642,6968,0,746,19658,312,434,19658,0,1294201,2885876,338221,955980,1033271,1852605,n493,true,0.533500667023227,0.836426791618393,0,1333,false,93,9,0.61700351793559,0.8272753949417326,null
8762968,4246728,7685486,875941,201541,7403624,281862,312900,575,167249,34292,3383721,4019903,161863,119999,34462,0,125323,41926,20858,13434,66651,4180077,15851,30396,20404,5826,10025,2289,3537,6813,3212,23428,6968,3786,19642,6968,0,746,19658,312,434,19658,0,1294201,2885876,338221,955980,1033271,1852605,n497,true,0.4748863079454385,0.7031488323670138,2,2967,false,24,9,0.7930930473317748,0.5481658106919823,null
8762968,4246728,7685486,875941,201541,7403624,281862,312900,575,167249,34292,3383721,4019903,161863,119999,34462,0,125323,41926,20858,13434,66651,4180077,15851,30396,20404,5826,10025,2289,3537,6813,3212,23428,6968,3786,19642,6968,0,746,19658,312,434,19658,0,1294201,2885876,338221,955980,1033271,1852605,n499,true,0.15818993228964426,0.28357463827887497,2,2862,false,100,1,0.8762469228532755,0.8585290141613157,null
