rtA1,rtA2,rtA1a,rtA1b,rtA1c,rtA1a1,rtA1a2,rtA1b1,rtA1b2,rtA1c1,rtA1c2,rtA1a1a,rtA1a1b,rtA1a2a,rtA1a2b,rtA1b1a,rtA1b1b,rtA1c1a,rtA1c1b,rtA1c2a,rtA1c2b,rtA2a,rtA2b,rtA2a1,rtA2a2,rtA2a3,rtA2a1A,rtA2a1B,rtA2a1A1,rtA2a1A2,rtA2a1B1,rtA2a1B2,rtA2a2A,rtA2a2B,rtA2a2A1,rtA2a2A2,rtA2a2B1,rtA2a2B2,rtA2a3A,rtA2a3B,rtA2a3A1,rtA2a3A2,rtA2a3B1,rtA2a3B2,rtA2b1,rtA2b2,rtA2b1A,rtA2b1B,rtA2b2A,rtA2b2B,id,isSmoker,willpower,health,smokedPerDay,stress,givingUp,stepsSinceGiveUp,giveUpAttempts,influenceability,sociable,$SWITCH_TABLE$simconsts$Operations
0,0,0,0,0,0,0,0,0,0,0,0,0,0,0,0,0,0,0,0,0,0,0,0,0,0,0,0,0,0,0,0,0,0,0,0,0,0,0,0,0,0,0,0,0,0,0,0,0,0,n0,true,0.7988227072975405,0.7423822435803261,20,0.8297806632622614,false,0,0,0.8683732345655675,0.6456958201538048,null
0,0,0,0,0,0,0,0,0,0,0,0,0,0,0,0,0,0,0,0,0,0,0,0,0,0,0,0,0,0,0,0,0,0,0,0,0,0,0,0,0,0,0,0,0,0,0,0,0,0,n1,false,0.20653767672076306,0.6570915961513979,0,0.2208390214396423,false,0,0,0.9832300599091939,0.7961068371043796,null
0,0,0,0,0,0,0,0,0,0,0,0,0,0,0,0,0,0,0,0,0,0,0,0,0,0,0,0,0,0,0,0,0,0,0,0,0,0,0,0,0,0,0,0,0,0,0,0,0,0,n2,true,0.9975533703710595,0.671038099788071,13,0.601689902564789,false,0,0,0.9440550780497615,0.8348704472659068,null
0,0,0,0,0,0,0,0,0,0,0,0,0,0,0,0,0,0,0,0,0,0,0,0,0,0,0,0,0,0,0,0,0,0,0,0,0,0,0,0,0,0,0,0,0,0,0,0,0,0,n3,false,0.5728618257229481,0.32782853325551614,0,0.2651757920049506,true,0,0,0.27431706433233893,0.6994857384563602,null
0,0,0,0,0,0,0,0,0,0,0,0,0,0,0,0,0,0,0,0,0,0,0,0,0,0,0,0,0,0,0,0,0,0,0,0,0,0,0,0,0,0,0,0,0,0,0,0,0,0,n5,false,0.800706807134932,0.17819863436245098,0,0.6338422652033804,false,0,0,0.07952248980415655,0.7601403526665106,null
0,0,0,0,0,0,0,0,0,0,0,0,0,0,0,0,0,0,0,0,0,0,0,0,0,0,0,0,0,0,0,0,0,0,0,0,0,0,0,0,0,0,0,0,0,0,0,0,0,0,n6,false,0.6601775012498213,0.6504147244199621,0,0.5788653567100649,false,0,0,0.6662522458597792,0.6837104347809374,null
0,0,0,0,0,0,0,0,0,0,0,0,0,0,0,0,0,0,0,0,0,0,0,0,0,0,0,0,0,0,0,0,0,0,0,0,0,0,0,0,0,0,0,0,0,0,0,0,0,0,n11,true,0.45819727521311665,0.3025317380937844,20,0.7471866903278447,false,0,0,0.889647466254678,0.3211666668612001,null
0,0,0,0,0,0,0,0,0,0,0,0,0,0,0,0,0,0,0,0,0,0,0,0,0,0,0,0,0,0,0,0,0,0,0,0,0,0,0,0,0,0,0,0,0,0,0,0,0,0,n13,true,0.3165672247966208,0.8722635791123434,21,0.168133552639886,false,0,0,0.49821242123872833,0.9785935836643253,null
0,0,0,0,0,0,0,0,0,0,0,0,0,0,0,0,0,0,0,0,0,0,0,0,0,0,0,0,0,0,0,0,0,0,0,0,0,0,0,0,0,0,0,0,0,0,0,0,0,0,n15,true,0.8411817850301453,0.656149352004358,19,0.2867856684861234,false,0,0,0.38153583933906354,0.9344531699912055,null
0,0,0,0,0,0,0,0,0,0,0,0,0,0,0,0,0,0,0,0,0,0,0,0,0,0,0,0,0,0,0,0,0,0,0,0,0,0,0,0,0,0,0,0,0,0,0,0,0,0,n17,true,0.46492031603245976,0.5483458251591906,20,0.6886165877740495,false,0,0,0.06886212705430028,0.7739921317858512,null
0,0,0,0,0,0,0,0,0,0,0,0,0,0,0,0,0,0,0,0,0,0,0,0,0,0,0,0,0,0,0,0,0,0,0,0,0,0,0,0,0,0,0,0,0,0,0,0,0,0,n21,true,0.34328574105665305,0.8001804140435368,20,0.8905107772668672,false,0,0,0.5554121136819747,0.6097622357334183,null
0,0,0,0,0,0,0,0,0,0,0,0,0,0,0,0,0,0,0,0,0,0,0,0,0,0,0,0,0,0,0,0,0,0,0,0,0,0,0,0,0,0,0,0,0,0,0,0,0,0,n23,true,0.027485874612901973,0.2676712207567758,20,0.16597891164874679,false,0,0,0.560947205373336,0.5829698213303929,null
0,0,0,0,0,0,0,0,0,0,0,0,0,0,0,0,0,0,0,0,0,0,0,0,0,0,0,0,0,0,0,0,0,0,0,0,0,0,0,0,0,0,0,0,0,0,0,0,0,0,n30,false,0.516294676507646,0.8708776010541049,0,0.8559064849975662,false,0,0,0.4960603433241171,0.4112257092515874,null
0,0,0,0,0,0,0,0,0,0,0,0,0,0,0,0,0,0,0,0,0,0,0,0,0,0,0,0,0,0,0,0,0,0,0,0,0,0,0,0,0,0,0,0,0,0,0,0,0,0,n35,true,0.1433231781474763,0.6471293936761503,5,0.3844794522906781,false,0,0,0.3395327263530634,0.6749796537823839,null
0,0,0,0,0,0,0,0,0,0,0,0,0,0,0,0,0,0,0,0,0,0,0,0,0,0,0,0,0,0,0,0,0,0,0,0,0,0,0,0,0,0,0,0,0,0,0,0,0,0,n37,false,0.20578974206213352,0.18107902666892406,0,0.6174720579589481,true,0,0,0.9151410303469114,0.9026430146379344,null
0,0,0,0,0,0,0,0,0,0,0,0,0,0,0,0,0,0,0,0,0,0,0,0,0,0,0,0,0,0,0,0,0,0,0,0,0,0,0,0,0,0,0,0,0,0,0,0,0,0,n40,false,0.6710872368097244,0.5885258412973439,0,0.457284282228135,true,0,0,0.5556969459434515,0.8435819320833893,null
0,0,0,0,0,0,0,0,0,0,0,0,0,0,0,0,0,0,0,0,0,0,0,0,0,0,0,0,0,0,0,0,0,0,0,0,0,0,0,0,0,0,0,0,0,0,0,0,0,0,n42,true,0.9998994358134465,0.5656878218026997,19,0.004542457353093887,false,0,0,0.5550204343306363,0.4646471616530307,null
0,0,0,0,0,0,0,0,0,0,0,0,0,0,0,0,0,0,0,0,0,0,0,0,0,0,0,0,0,0,0,0,0,0,0,0,0,0,0,0,0,0,0,0,0,0,0,0,0,0,n46,true,0.9041355620539435,0.3575518194982263,20,0.8581248793655563,false,0,0,0.1703918453025537,0.7314744254606519,null
0,0,0,0,0,0,0,0,0,0,0,0,0,0,0,0,0,0,0,0,0,0,0,0,0,0,0,0,0,0,0,0,0,0,0,0,0,0,0,0,0,0,0,0,0,0,0,0,0,0,n49,true,0.9984318494732987,0.3059558771059485,20,0.051215594210120285,false,0,0,0.1395618598050682,0.628830914808981,null
0,0,0,0,0,0,0,0,0,0,0,0,0,0,0,0,0,0,0,0,0,0,0,0,0,0,0,0,0,0,0,0,0,0,0,0,0,0,0,0,0,0,0,0,0,0,0,0,0,0,n51,false,0.4033895786499038,0.5452723151878912,0,0.3855642458374378,false,0,0,0.9862056623292895,0.4195890576975969,null
0,0,0,0,0,0,0,0,0,0,0,0,0,0,0,0,0,0,0,0,0,0,0,0,0,0,0,0,0,0,0,0,0,0,0,0,0,0,0,0,0,0,0,0,0,0,0,0,0,0,n52,true,0.7614327538030181,0.9876486905565816,19,0.2104646586811167,false,0,0,0.07045922186777942,0.8776678240904896,null
0,0,0,0,0,0,0,0,0,0,0,0,0,0,0,0,0,0,0,0,0,0,0,0,0,0,0,0,0,0,0,0,0,0,0,0,0,0,0,0,0,0,0,0,0,0,0,0,0,0,n53,true,0.6090333006692522,0.4378866841125667,19,0.34511705175414087,false,0,0,0.43898818178673993,0.8054763099898524,null
0,0,0,0,0,0,0,0,0,0,0,0,0,0,0,0,0,0,0,0,0,0,0,0,0,0,0,0,0,0,0,0,0,0,0,0,0,0,0,0,0,0,0,0,0,0,0,0,0,0,n54,false,0.10272193185372336,0.5731051316703266,0,0.46322274993433554,false,0,0,0.8167487439956598,0.2031942287063514,null
0,0,0,0,0,0,0,0,0,0,0,0,0,0,0,0,0,0,0,0,0,0,0,0,0,0,0,0,0,0,0,0,0,0,0,0,0,0,0,0,0,0,0,0,0,0,0,0,0,0,n59,false,0.49328382642955415,0.6340394716618567,0,0.058608965052114825,true,0,0,0.9743264286347015,0.148910996702044,null
0,0,0,0,0,0,0,0,0,0,0,0,0,0,0,0,0,0,0,0,0,0,0,0,0,0,0,0,0,0,0,0,0,0,0,0,0,0,0,0,0,0,0,0,0,0,0,0,0,0,n61,false,0.9016564360111141,0.4568673835145913,0,0.363278631080854,true,0,0,0.4328247293898541,0.8723920679881103,null
0,0,0,0,0,0,0,0,0,0,0,0,0,0,0,0,0,0,0,0,0,0,0,0,0,0,0,0,0,0,0,0,0,0,0,0,0,0,0,0,0,0,0,0,0,0,0,0,0,0,n62,true,0.008091759459297965,0.3192808035432602,6,0.06717691435619355,false,0,0,0.9281021447970362,0.9634018422607278,null
0,0,0,0,0,0,0,0,0,0,0,0,0,0,0,0,0,0,0,0,0,0,0,0,0,0,0,0,0,0,0,0,0,0,0,0,0,0,0,0,0,0,0,0,0,0,0,0,0,0,n63,false,0.8893214780568803,0.8969918148020103,0,0.24428058683328174,false,0,0,0.6916621357486099,0.25487719516180907,null
0,0,0,0,0,0,0,0,0,0,0,0,0,0,0,0,0,0,0,0,0,0,0,0,0,0,0,0,0,0,0,0,0,0,0,0,0,0,0,0,0,0,0,0,0,0,0,0,0,0,n70,true,0.5407706643808384,0.2877062774717146,20,0.8315411479135504,false,0,0,0.690404056558632,0.7637591271693236,null
0,0,0,0,0,0,0,0,0,0,0,0,0,0,0,0,0,0,0,0,0,0,0,0,0,0,0,0,0,0,0,0,0,0,0,0,0,0,0,0,0,0,0,0,0,0,0,0,0,0,n72,true,0.301218365095612,0.7985781475156681,6,0.7208532993496699,false,0,0,0.7405971861812702,0.48905325798988686,null
0,0,0,0,0,0,0,0,0,0,0,0,0,0,0,0,0,0,0,0,0,0,0,0,0,0,0,0,0,0,0,0,0,0,0,0,0,0,0,0,0,0,0,0,0,0,0,0,0,0,n74,false,0.5736325749990752,0.5783669464518046,0,0.2514138436862686,true,0,0,0.3262774490652577,0.47580909822445694,null
0,0,0,0,0,0,0,0,0,0,0,0,0,0,0,0,0,0,0,0,0,0,0,0,0,0,0,0,0,0,0,0,0,0,0,0,0,0,0,0,0,0,0,0,0,0,0,0,0,0,n80,false,0.626064010723812,0.4464573248245877,0,0.8916217340928531,true,0,0,0.7718533220026741,0.4742140113224546,null
0,0,0,0,0,0,0,0,0,0,0,0,0,0,0,0,0,0,0,0,0,0,0,0,0,0,0,0,0,0,0,0,0,0,0,0,0,0,0,0,0,0,0,0,0,0,0,0,0,0,n81,true,0.8054225378430059,0.6412822711224536,20,0.4973298904537589,false,0,0,0.2324588408373266,0.7443025431695446,null
0,0,0,0,0,0,0,0,0,0,0,0,0,0,0,0,0,0,0,0,0,0,0,0,0,0,0,0,0,0,0,0,0,0,0,0,0,0,0,0,0,0,0,0,0,0,0,0,0,0,n89,false,0.73600916801554,0.6484001758450683,0,0.24238841174860215,true,0,0,0.8246481418125994,0.7106447656973116,null
0,0,0,0,0,0,0,0,0,0,0,0,0,0,0,0,0,0,0,0,0,0,0,0,0,0,0,0,0,0,0,0,0,0,0,0,0,0,0,0,0,0,0,0,0,0,0,0,0,0,n91,false,0.8486542880576053,0.039996193441644845,0,0.43126083058689757,true,0,0,0.20577095689108738,0.3737777660478437,null
0,0,0,0,0,0,0,0,0,0,0,0,0,0,0,0,0,0,0,0,0,0,0,0,0,0,0,0,0,0,0,0,0,0,0,0,0,0,0,0,0,0,0,0,0,0,0,0,0,0,n92,false,0.4919396960185125,0.8834086704061176,0,0.2538765468966818,false,0,0,0.978739416277269,0.7443786191020009,null
0,0,0,0,0,0,0,0,0,0,0,0,0,0,0,0,0,0,0,0,0,0,0,0,0,0,0,0,0,0,0,0,0,0,0,0,0,0,0,0,0,0,0,0,0,0,0,0,0,0,n100,false,0.35504641215270744,0.7113258160026636,0,0.9400303680434239,true,0,0,0.4052796446634989,0.9352256066006348,null
0,0,0,0,0,0,0,0,0,0,0,0,0,0,0,0,0,0,0,0,0,0,0,0,0,0,0,0,0,0,0,0,0,0,0,0,0,0,0,0,0,0,0,0,0,0,0,0,0,0,n103,true,0.9009816610714789,0.5516531306560575,19,0.2975616565484783,false,0,0,0.6157176037414249,0.6827194349020087,null
0,0,0,0,0,0,0,0,0,0,0,0,0,0,0,0,0,0,0,0,0,0,0,0,0,0,0,0,0,0,0,0,0,0,0,0,0,0,0,0,0,0,0,0,0,0,0,0,0,0,n114,false,0.5895541501184456,0.6576938053620515,0,0.2684374534163759,false,0,0,0.5161861596193732,0.45771507022655644,null
0,0,0,0,0,0,0,0,0,0,0,0,0,0,0,0,0,0,0,0,0,0,0,0,0,0,0,0,0,0,0,0,0,0,0,0,0,0,0,0,0,0,0,0,0,0,0,0,0,0,n117,true,0.6472809068438244,0.7500380280442038,20,0.1887081664703693,false,0,0,0.9044292438661472,0.987093091282771,null
0,0,0,0,0,0,0,0,0,0,0,0,0,0,0,0,0,0,0,0,0,0,0,0,0,0,0,0,0,0,0,0,0,0,0,0,0,0,0,0,0,0,0,0,0,0,0,0,0,0,n121,true,0.23254144597065518,0.858110196926646,20,0.27505199188962337,false,0,0,0.7121213106638098,0.2585625331671334,null
0,0,0,0,0,0,0,0,0,0,0,0,0,0,0,0,0,0,0,0,0,0,0,0,0,0,0,0,0,0,0,0,0,0,0,0,0,0,0,0,0,0,0,0,0,0,0,0,0,0,n125,true,0.18846116237899524,0.7896276870261317,20,0.0914046345546275,false,0,0,0.9591970542926208,0.7562777025487943,null
0,0,0,0,0,0,0,0,0,0,0,0,0,0,0,0,0,0,0,0,0,0,0,0,0,0,0,0,0,0,0,0,0,0,0,0,0,0,0,0,0,0,0,0,0,0,0,0,0,0,n126,true,0.33707265385380836,0.5018997938866565,12,0.7197063320499719,false,0,0,0.6944858360785713,0.27689729206563507,null
0,0,0,0,0,0,0,0,0,0,0,0,0,0,0,0,0,0,0,0,0,0,0,0,0,0,0,0,0,0,0,0,0,0,0,0,0,0,0,0,0,0,0,0,0,0,0,0,0,0,n140,false,0.9092928553200402,0.6759802998754092,0,0.2869781320818149,false,0,0,0.6668335223565105,0.6330024855247782,null
0,0,0,0,0,0,0,0,0,0,0,0,0,0,0,0,0,0,0,0,0,0,0,0,0,0,0,0,0,0,0,0,0,0,0,0,0,0,0,0,0,0,0,0,0,0,0,0,0,0,n141,false,0.32476398865637923,0.8772010738712788,0,0.08364555424889014,true,0,0,0.13151853818097636,0.8173384820597549,null
0,0,0,0,0,0,0,0,0,0,0,0,0,0,0,0,0,0,0,0,0,0,0,0,0,0,0,0,0,0,0,0,0,0,0,0,0,0,0,0,0,0,0,0,0,0,0,0,0,0,n142,false,0.11689098985481805,0.12018949272986978,0,0.5705038937938922,true,0,0,0.8451506652109926,0.5778795688409616,null
0,0,0,0,0,0,0,0,0,0,0,0,0,0,0,0,0,0,0,0,0,0,0,0,0,0,0,0,0,0,0,0,0,0,0,0,0,0,0,0,0,0,0,0,0,0,0,0,0,0,n145,true,0.7280392673334725,0.5695038624880101,20,0.09612436565094329,false,0,0,0.3510481912881227,0.6572530432782204,null
0,0,0,0,0,0,0,0,0,0,0,0,0,0,0,0,0,0,0,0,0,0,0,0,0,0,0,0,0,0,0,0,0,0,0,0,0,0,0,0,0,0,0,0,0,0,0,0,0,0,n147,true,0.6560438747538102,0.8815475372779069,12,0.3340680003098162,false,0,0,0.476585012129792,0.5379185774621129,null
0,0,0,0,0,0,0,0,0,0,0,0,0,0,0,0,0,0,0,0,0,0,0,0,0,0,0,0,0,0,0,0,0,0,0,0,0,0,0,0,0,0,0,0,0,0,0,0,0,0,n157,true,0.8621645860968925,0.02191972816699106,20,0.3574858272397474,false,0,0,0.7656495141168478,0.26521222270550693,null
0,0,0,0,0,0,0,0,0,0,0,0,0,0,0,0,0,0,0,0,0,0,0,0,0,0,0,0,0,0,0,0,0,0,0,0,0,0,0,0,0,0,0,0,0,0,0,0,0,0,n160,true,0.6314932706328716,0.5761459526379535,20,0.5008059982412864,false,0,0,0.9776212655212054,0.6509069725967644,null
0,0,0,0,0,0,0,0,0,0,0,0,0,0,0,0,0,0,0,0,0,0,0,0,0,0,0,0,0,0,0,0,0,0,0,0,0,0,0,0,0,0,0,0,0,0,0,0,0,0,n166,true,0.5045751745495016,0.3438497671342517,12,0.09283947294690759,false,0,0,0.9085559542011846,0.33757550783939827,null
0,0,0,0,0,0,0,0,0,0,0,0,0,0,0,0,0,0,0,0,0,0,0,0,0,0,0,0,0,0,0,0,0,0,0,0,0,0,0,0,0,0,0,0,0,0,0,0,0,0,n167,true,0.8175920485593673,0.7157713067676071,21,0.025141338722994067,false,0,0,0.5295807490324242,0.6850710838556748,null
0,0,0,0,0,0,0,0,0,0,0,0,0,0,0,0,0,0,0,0,0,0,0,0,0,0,0,0,0,0,0,0,0,0,0,0,0,0,0,0,0,0,0,0,0,0,0,0,0,0,n168,false,0.7921138805426808,0.8291151999717452,0,0.24152992783693222,false,0,0,0.8546538045096226,0.991782951355204,null
0,0,0,0,0,0,0,0,0,0,0,0,0,0,0,0,0,0,0,0,0,0,0,0,0,0,0,0,0,0,0,0,0,0,0,0,0,0,0,0,0,0,0,0,0,0,0,0,0,0,n173,false,0.1713628204950376,0.6624483476305344,0,0.125593288877124,true,0,0,0.4859797199630546,0.4127939848788147,null
0,0,0,0,0,0,0,0,0,0,0,0,0,0,0,0,0,0,0,0,0,0,0,0,0,0,0,0,0,0,0,0,0,0,0,0,0,0,0,0,0,0,0,0,0,0,0,0,0,0,n177,false,0.23126856114062555,0.8577312097377934,0,0.15486213787802888,true,0,0,0.25627465120033477,0.23752343968126322,null
0,0,0,0,0,0,0,0,0,0,0,0,0,0,0,0,0,0,0,0,0,0,0,0,0,0,0,0,0,0,0,0,0,0,0,0,0,0,0,0,0,0,0,0,0,0,0,0,0,0,n180,true,0.9447901034805821,0.1245250360294392,5,0.33162920351754693,false,0,0,0.7533002826561633,0.9088681458582265,null
0,0,0,0,0,0,0,0,0,0,0,0,0,0,0,0,0,0,0,0,0,0,0,0,0,0,0,0,0,0,0,0,0,0,0,0,0,0,0,0,0,0,0,0,0,0,0,0,0,0,n182,true,0.7229824603758592,0.8248229273304212,13,0.5103133866478364,false,0,0,0.18662190420339475,0.9712764505265856,null
0,0,0,0,0,0,0,0,0,0,0,0,0,0,0,0,0,0,0,0,0,0,0,0,0,0,0,0,0,0,0,0,0,0,0,0,0,0,0,0,0,0,0,0,0,0,0,0,0,0,n184,false,0.3602351523437755,0.33373157409246607,0,0.8289820585719572,true,0,0,0.5463585799864064,0.5010246291177971,null
0,0,0,0,0,0,0,0,0,0,0,0,0,0,0,0,0,0,0,0,0,0,0,0,0,0,0,0,0,0,0,0,0,0,0,0,0,0,0,0,0,0,0,0,0,0,0,0,0,0,n185,false,0.7175609382739209,0.2803145935264225,0,0.3454286505673421,false,0,0,0.08579760810177439,0.48515806827689223,null
0,0,0,0,0,0,0,0,0,0,0,0,0,0,0,0,0,0,0,0,0,0,0,0,0,0,0,0,0,0,0,0,0,0,0,0,0,0,0,0,0,0,0,0,0,0,0,0,0,0,n189,true,0.8868145616630494,0.9456187331316637,21,0.5881645739264051,false,0,0,0.5214740143655412,0.6912647263703589,null
0,0,0,0,0,0,0,0,0,0,0,0,0,0,0,0,0,0,0,0,0,0,0,0,0,0,0,0,0,0,0,0,0,0,0,0,0,0,0,0,0,0,0,0,0,0,0,0,0,0,n190,true,0.8094657818234687,0.9778809318163628,20,0.6482913108930397,false,0,0,0.8200859683288272,0.39992142580771006,null
0,0,0,0,0,0,0,0,0,0,0,0,0,0,0,0,0,0,0,0,0,0,0,0,0,0,0,0,0,0,0,0,0,0,0,0,0,0,0,0,0,0,0,0,0,0,0,0,0,0,n194,true,0.646711571894327,0.7633220498616144,20,0.8713345722115993,false,0,0,0.7904603667338952,0.4456555673806162,null
0,0,0,0,0,0,0,0,0,0,0,0,0,0,0,0,0,0,0,0,0,0,0,0,0,0,0,0,0,0,0,0,0,0,0,0,0,0,0,0,0,0,0,0,0,0,0,0,0,0,n195,false,0.8572119222019363,0.12373420906390797,0,0.5360458715334433,false,0,0,0.5287592314198929,0.7862888336788971,null
0,0,0,0,0,0,0,0,0,0,0,0,0,0,0,0,0,0,0,0,0,0,0,0,0,0,0,0,0,0,0,0,0,0,0,0,0,0,0,0,0,0,0,0,0,0,0,0,0,0,n197,false,0.5660014089253638,0.8776028869190234,0,0.5401657445801439,false,0,0,0.9200668589813824,0.8284196614367088,null
0,0,0,0,0,0,0,0,0,0,0,0,0,0,0,0,0,0,0,0,0,0,0,0,0,0,0,0,0,0,0,0,0,0,0,0,0,0,0,0,0,0,0,0,0,0,0,0,0,0,n199,false,0.7507488992984578,0.5037128638747055,0,0.1285232724725055,true,0,0,0.36654384739262436,0.797673217188525,null
0,0,0,0,0,0,0,0,0,0,0,0,0,0,0,0,0,0,0,0,0,0,0,0,0,0,0,0,0,0,0,0,0,0,0,0,0,0,0,0,0,0,0,0,0,0,0,0,0,0,n200,true,0.7143311654936513,0.8256010573938701,21,0.07423152575189795,false,0,0,0.7347860444676485,0.5384294245244808,null
0,0,0,0,0,0,0,0,0,0,0,0,0,0,0,0,0,0,0,0,0,0,0,0,0,0,0,0,0,0,0,0,0,0,0,0,0,0,0,0,0,0,0,0,0,0,0,0,0,0,n204,true,0.2473790374460973,0.5639387520369818,12,0.21363324120913457,false,0,0,0.16324638471718,0.9905645460631783,null
0,0,0,0,0,0,0,0,0,0,0,0,0,0,0,0,0,0,0,0,0,0,0,0,0,0,0,0,0,0,0,0,0,0,0,0,0,0,0,0,0,0,0,0,0,0,0,0,0,0,n205,true,0.0927014177962493,0.48072647766129006,19,0.19200738169386145,false,0,0,0.7102134937392631,0.020798625003666582,null
0,0,0,0,0,0,0,0,0,0,0,0,0,0,0,0,0,0,0,0,0,0,0,0,0,0,0,0,0,0,0,0,0,0,0,0,0,0,0,0,0,0,0,0,0,0,0,0,0,0,n209,false,0.7589598268893947,0.2685863640879765,0,0.49750910843832225,false,0,0,0.7390714893915733,0.5615531324106637,null
0,0,0,0,0,0,0,0,0,0,0,0,0,0,0,0,0,0,0,0,0,0,0,0,0,0,0,0,0,0,0,0,0,0,0,0,0,0,0,0,0,0,0,0,0,0,0,0,0,0,n210,false,0.5498663467656578,0.591762011711792,0,0.7074437410751687,false,0,0,0.09680841565345744,0.8319916384954256,null
0,0,0,0,0,0,0,0,0,0,0,0,0,0,0,0,0,0,0,0,0,0,0,0,0,0,0,0,0,0,0,0,0,0,0,0,0,0,0,0,0,0,0,0,0,0,0,0,0,0,n214,true,0.2931149018202633,0.9547626855702045,20,0.6655432636386724,false,0,0,0.2694737750099546,0.78963089503772,null
0,0,0,0,0,0,0,0,0,0,0,0,0,0,0,0,0,0,0,0,0,0,0,0,0,0,0,0,0,0,0,0,0,0,0,0,0,0,0,0,0,0,0,0,0,0,0,0,0,0,n216,true,0.5137915312305248,0.8015197350027045,13,0.36611068223992504,false,0,0,0.4166610666576972,0.3338854291773483,null
0,0,0,0,0,0,0,0,0,0,0,0,0,0,0,0,0,0,0,0,0,0,0,0,0,0,0,0,0,0,0,0,0,0,0,0,0,0,0,0,0,0,0,0,0,0,0,0,0,0,n221,false,0.005016290903180343,0.7635167768812359,0,0.3791920157455492,true,0,0,0.7591812575072132,0.8208864279368051,null
0,0,0,0,0,0,0,0,0,0,0,0,0,0,0,0,0,0,0,0,0,0,0,0,0,0,0,0,0,0,0,0,0,0,0,0,0,0,0,0,0,0,0,0,0,0,0,0,0,0,n223,true,0.07945027707788355,0.6847223052203719,20,0.46048732253237223,false,0,0,0.6229550740456739,0.8338358770200864,null
0,0,0,0,0,0,0,0,0,0,0,0,0,0,0,0,0,0,0,0,0,0,0,0,0,0,0,0,0,0,0,0,0,0,0,0,0,0,0,0,0,0,0,0,0,0,0,0,0,0,n225,true,0.422979872427331,0.29784180632439317,6,0.057192821044347475,false,0,0,0.7404382940315344,0.8085197327029127,null
0,0,0,0,0,0,0,0,0,0,0,0,0,0,0,0,0,0,0,0,0,0,0,0,0,0,0,0,0,0,0,0,0,0,0,0,0,0,0,0,0,0,0,0,0,0,0,0,0,0,n227,false,0.24880770742401603,0.4818925664794553,0,0.3996068899971551,true,0,0,0.78847148224055,0.7814056330052174,null
0,0,0,0,0,0,0,0,0,0,0,0,0,0,0,0,0,0,0,0,0,0,0,0,0,0,0,0,0,0,0,0,0,0,0,0,0,0,0,0,0,0,0,0,0,0,0,0,0,0,n228,true,0.2869600337220808,0.055631785407141976,21,0.2759752434037392,false,0,0,0.7527893519163866,0.5888285331071955,null
0,0,0,0,0,0,0,0,0,0,0,0,0,0,0,0,0,0,0,0,0,0,0,0,0,0,0,0,0,0,0,0,0,0,0,0,0,0,0,0,0,0,0,0,0,0,0,0,0,0,n230,true,0.14943438134381115,0.9130881350455803,5,0.7773701160480944,false,0,0,0.5294825408413835,0.6447720482608964,null
0,0,0,0,0,0,0,0,0,0,0,0,0,0,0,0,0,0,0,0,0,0,0,0,0,0,0,0,0,0,0,0,0,0,0,0,0,0,0,0,0,0,0,0,0,0,0,0,0,0,n236,true,0.11581021047323803,0.378062018062465,18,0.4864671482874573,false,0,0,0.7761152067343939,0.48025869582989733,null
0,0,0,0,0,0,0,0,0,0,0,0,0,0,0,0,0,0,0,0,0,0,0,0,0,0,0,0,0,0,0,0,0,0,0,0,0,0,0,0,0,0,0,0,0,0,0,0,0,0,n241,false,0.7795726085484936,0.6532376307182036,0,0.12325608971222601,true,0,0,0.8263941927306718,0.7274856129243897,null
0,0,0,0,0,0,0,0,0,0,0,0,0,0,0,0,0,0,0,0,0,0,0,0,0,0,0,0,0,0,0,0,0,0,0,0,0,0,0,0,0,0,0,0,0,0,0,0,0,0,n245,true,0.4911762302436048,0.7462550022757586,20,0.36959386035314423,false,0,0,0.6704558100244824,0.4152108736453546,null
0,0,0,0,0,0,0,0,0,0,0,0,0,0,0,0,0,0,0,0,0,0,0,0,0,0,0,0,0,0,0,0,0,0,0,0,0,0,0,0,0,0,0,0,0,0,0,0,0,0,n246,true,0.510950939350009,0.7315874301311515,20,0.29007288079354754,false,0,0,0.7148995391291354,0.36600183119649893,null
0,0,0,0,0,0,0,0,0,0,0,0,0,0,0,0,0,0,0,0,0,0,0,0,0,0,0,0,0,0,0,0,0,0,0,0,0,0,0,0,0,0,0,0,0,0,0,0,0,0,n252,true,0.8302551942517881,0.879348628798221,4,0.25092384581848803,false,0,0,0.8825470613362225,0.721147972936463,null
0,0,0,0,0,0,0,0,0,0,0,0,0,0,0,0,0,0,0,0,0,0,0,0,0,0,0,0,0,0,0,0,0,0,0,0,0,0,0,0,0,0,0,0,0,0,0,0,0,0,n259,false,0.019908661971937414,0.6285290906202836,0,0.1221603370829305,true,0,0,0.4799576155557913,0.8227242136384728,null
0,0,0,0,0,0,0,0,0,0,0,0,0,0,0,0,0,0,0,0,0,0,0,0,0,0,0,0,0,0,0,0,0,0,0,0,0,0,0,0,0,0,0,0,0,0,0,0,0,0,n263,true,0.06743349522826325,0.026197929010870036,18,0.1696788695219399,false,0,0,0.5806426769223423,0.16116296931048457,null
0,0,0,0,0,0,0,0,0,0,0,0,0,0,0,0,0,0,0,0,0,0,0,0,0,0,0,0,0,0,0,0,0,0,0,0,0,0,0,0,0,0,0,0,0,0,0,0,0,0,n266,true,0.5367060244175407,0.2827545281613486,5,0.031574541476448614,false,0,0,0.6807620527644148,0.5091614956045196,null
0,0,0,0,0,0,0,0,0,0,0,0,0,0,0,0,0,0,0,0,0,0,0,0,0,0,0,0,0,0,0,0,0,0,0,0,0,0,0,0,0,0,0,0,0,0,0,0,0,0,n267,false,0.6409925420867575,0.08272424402652356,0,0.13785009589191632,true,0,0,0.19649140643229357,0.6169172894788862,null
0,0,0,0,0,0,0,0,0,0,0,0,0,0,0,0,0,0,0,0,0,0,0,0,0,0,0,0,0,0,0,0,0,0,0,0,0,0,0,0,0,0,0,0,0,0,0,0,0,0,n268,false,0.485919952935325,0.7924574589742306,0,0.6700268316180162,true,0,0,0.6164900610144117,0.47459751490931823,null
0,0,0,0,0,0,0,0,0,0,0,0,0,0,0,0,0,0,0,0,0,0,0,0,0,0,0,0,0,0,0,0,0,0,0,0,0,0,0,0,0,0,0,0,0,0,0,0,0,0,n269,false,0.934603529588282,0.5008183000386205,0,0.11706421993122151,false,0,0,0.9325698979348932,0.7034169339862267,null
0,0,0,0,0,0,0,0,0,0,0,0,0,0,0,0,0,0,0,0,0,0,0,0,0,0,0,0,0,0,0,0,0,0,0,0,0,0,0,0,0,0,0,0,0,0,0,0,0,0,n270,true,0.531105947808917,0.7450689209550065,21,0.03141022662302767,false,0,0,0.8105987897272454,0.290818251800559,null
0,0,0,0,0,0,0,0,0,0,0,0,0,0,0,0,0,0,0,0,0,0,0,0,0,0,0,0,0,0,0,0,0,0,0,0,0,0,0,0,0,0,0,0,0,0,0,0,0,0,n272,false,0.7953144126527419,0.5201408983126458,0,0.2504574720359636,false,0,0,0.4799596612965922,0.4619305672851172,null
0,0,0,0,0,0,0,0,0,0,0,0,0,0,0,0,0,0,0,0,0,0,0,0,0,0,0,0,0,0,0,0,0,0,0,0,0,0,0,0,0,0,0,0,0,0,0,0,0,0,n286,true,0.6880978863752141,0.17578844648915237,13,0.11365217640920466,false,0,0,0.6904627184874258,0.4234438297957064,null
0,0,0,0,0,0,0,0,0,0,0,0,0,0,0,0,0,0,0,0,0,0,0,0,0,0,0,0,0,0,0,0,0,0,0,0,0,0,0,0,0,0,0,0,0,0,0,0,0,0,n288,true,0.4523400782591548,0.13470533948724206,21,0.1788082472941251,false,0,0,0.5917642400490103,0.8146554307308952,null
0,0,0,0,0,0,0,0,0,0,0,0,0,0,0,0,0,0,0,0,0,0,0,0,0,0,0,0,0,0,0,0,0,0,0,0,0,0,0,0,0,0,0,0,0,0,0,0,0,0,n296,true,0.6645973865328277,0.09846301150478987,5,0.6263972238175773,false,0,0,0.8005915768724349,0.9643617461007021,null
0,0,0,0,0,0,0,0,0,0,0,0,0,0,0,0,0,0,0,0,0,0,0,0,0,0,0,0,0,0,0,0,0,0,0,0,0,0,0,0,0,0,0,0,0,0,0,0,0,0,n298,true,0.9632307178658601,0.8880338808145929,20,0.5131466045475478,false,0,0,0.7393387967091363,0.18964948509939872,null
0,0,0,0,0,0,0,0,0,0,0,0,0,0,0,0,0,0,0,0,0,0,0,0,0,0,0,0,0,0,0,0,0,0,0,0,0,0,0,0,0,0,0,0,0,0,0,0,0,0,n303,false,0.5406847552369556,0.7301710506703919,0,0.5440629908993149,false,0,0,0.4998858768571014,0.27477636608940126,null
0,0,0,0,0,0,0,0,0,0,0,0,0,0,0,0,0,0,0,0,0,0,0,0,0,0,0,0,0,0,0,0,0,0,0,0,0,0,0,0,0,0,0,0,0,0,0,0,0,0,n304,false,0.9566169392603296,0.8434882187217541,0,0.5745377208575055,false,0,0,0.27123604217644826,0.21603715254524536,null
0,0,0,0,0,0,0,0,0,0,0,0,0,0,0,0,0,0,0,0,0,0,0,0,0,0,0,0,0,0,0,0,0,0,0,0,0,0,0,0,0,0,0,0,0,0,0,0,0,0,n310,true,0.4197795346744647,0.8605793607915232,12,0.936602429715639,false,0,0,0.781347433790037,0.31609045136358005,null
0,0,0,0,0,0,0,0,0,0,0,0,0,0,0,0,0,0,0,0,0,0,0,0,0,0,0,0,0,0,0,0,0,0,0,0,0,0,0,0,0,0,0,0,0,0,0,0,0,0,n312,true,0.7056062701270714,0.8000433952979815,12,0.7327340111178894,false,0,0,0.9988678503165345,0.691717771930778,null
0,0,0,0,0,0,0,0,0,0,0,0,0,0,0,0,0,0,0,0,0,0,0,0,0,0,0,0,0,0,0,0,0,0,0,0,0,0,0,0,0,0,0,0,0,0,0,0,0,0,n318,true,0.6509039083800278,0.783736948948722,21,0.6837514506476936,false,0,0,0.2500378459264053,0.9146250319355801,null
0,0,0,0,0,0,0,0,0,0,0,0,0,0,0,0,0,0,0,0,0,0,0,0,0,0,0,0,0,0,0,0,0,0,0,0,0,0,0,0,0,0,0,0,0,0,0,0,0,0,n319,false,0.7739585578743888,0.4658527616831363,0,0.8248522664808253,true,0,0,0.9933720640411159,0.988098546339798,null
0,0,0,0,0,0,0,0,0,0,0,0,0,0,0,0,0,0,0,0,0,0,0,0,0,0,0,0,0,0,0,0,0,0,0,0,0,0,0,0,0,0,0,0,0,0,0,0,0,0,n320,false,0.589502025728067,0.4012032368850221,0,0.6190612287858414,true,0,0,0.5079961581425656,0.8975811999743651,null
0,0,0,0,0,0,0,0,0,0,0,0,0,0,0,0,0,0,0,0,0,0,0,0,0,0,0,0,0,0,0,0,0,0,0,0,0,0,0,0,0,0,0,0,0,0,0,0,0,0,n321,false,0.29380377815524983,0.5023463404857182,0,0.31115533792422745,true,0,0,0.8304068942793916,0.7606912606324014,null
0,0,0,0,0,0,0,0,0,0,0,0,0,0,0,0,0,0,0,0,0,0,0,0,0,0,0,0,0,0,0,0,0,0,0,0,0,0,0,0,0,0,0,0,0,0,0,0,0,0,n327,true,0.31777879491265637,0.5807924495660153,20,0.18268979143832698,false,0,0,0.7695704903217012,0.2904050112541311,null
0,0,0,0,0,0,0,0,0,0,0,0,0,0,0,0,0,0,0,0,0,0,0,0,0,0,0,0,0,0,0,0,0,0,0,0,0,0,0,0,0,0,0,0,0,0,0,0,0,0,n330,false,0.3904888779789284,0.43856292150926496,0,0.9723435809531518,true,0,0,0.4280630373666837,0.5353710074778175,null
0,0,0,0,0,0,0,0,0,0,0,0,0,0,0,0,0,0,0,0,0,0,0,0,0,0,0,0,0,0,0,0,0,0,0,0,0,0,0,0,0,0,0,0,0,0,0,0,0,0,n340,false,0.5999486631439533,0.948278549798269,0,0.3680428696888063,true,0,0,0.4483976657426404,0.7636532274157157,null
0,0,0,0,0,0,0,0,0,0,0,0,0,0,0,0,0,0,0,0,0,0,0,0,0,0,0,0,0,0,0,0,0,0,0,0,0,0,0,0,0,0,0,0,0,0,0,0,0,0,n342,false,0.19582498002809146,0.7634077444979369,0,0.25021510851270756,true,0,0,0.9356196841478165,0.7511415949052959,null
0,0,0,0,0,0,0,0,0,0,0,0,0,0,0,0,0,0,0,0,0,0,0,0,0,0,0,0,0,0,0,0,0,0,0,0,0,0,0,0,0,0,0,0,0,0,0,0,0,0,n343,false,0.40505390573582783,0.43233088043925655,0,0.7291220446149632,true,0,0,0.976431633247089,0.06113313097869877,null
0,0,0,0,0,0,0,0,0,0,0,0,0,0,0,0,0,0,0,0,0,0,0,0,0,0,0,0,0,0,0,0,0,0,0,0,0,0,0,0,0,0,0,0,0,0,0,0,0,0,n344,false,0.027861044039054206,0.5527920874174955,0,0.9998148739111907,false,0,0,0.34677360534108803,0.6743817016456501,null
0,0,0,0,0,0,0,0,0,0,0,0,0,0,0,0,0,0,0,0,0,0,0,0,0,0,0,0,0,0,0,0,0,0,0,0,0,0,0,0,0,0,0,0,0,0,0,0,0,0,n346,true,0.8451712738128836,0.9791176756990163,11,0.7423889694145615,false,0,0,0.5093705653298282,0.6602368852275868,null
0,0,0,0,0,0,0,0,0,0,0,0,0,0,0,0,0,0,0,0,0,0,0,0,0,0,0,0,0,0,0,0,0,0,0,0,0,0,0,0,0,0,0,0,0,0,0,0,0,0,n347,false,0.8085326879635829,0.632682433136781,0,0.5970132540912019,true,0,0,0.58776109488687,0.5646517967299367,null
0,0,0,0,0,0,0,0,0,0,0,0,0,0,0,0,0,0,0,0,0,0,0,0,0,0,0,0,0,0,0,0,0,0,0,0,0,0,0,0,0,0,0,0,0,0,0,0,0,0,n351,false,0.2555268095867758,0.8901617251939202,0,0.4947919383737234,true,0,0,0.8542070097753521,0.9815293717078825,null
0,0,0,0,0,0,0,0,0,0,0,0,0,0,0,0,0,0,0,0,0,0,0,0,0,0,0,0,0,0,0,0,0,0,0,0,0,0,0,0,0,0,0,0,0,0,0,0,0,0,n352,true,0.29817310598455543,0.4334055790522674,12,0.8611147788134412,false,0,0,0.45789987204447324,0.11956019073960633,null
0,0,0,0,0,0,0,0,0,0,0,0,0,0,0,0,0,0,0,0,0,0,0,0,0,0,0,0,0,0,0,0,0,0,0,0,0,0,0,0,0,0,0,0,0,0,0,0,0,0,n354,false,0.0188548837145055,0.668595424810881,0,0.30129156153325387,true,0,0,0.9459590286325523,0.426399533026058,null
0,0,0,0,0,0,0,0,0,0,0,0,0,0,0,0,0,0,0,0,0,0,0,0,0,0,0,0,0,0,0,0,0,0,0,0,0,0,0,0,0,0,0,0,0,0,0,0,0,0,n358,true,0.3474385331413603,0.6802601623967219,20,0.38813738952934673,false,0,0,0.33469054326754,0.6964118112998714,null
0,0,0,0,0,0,0,0,0,0,0,0,0,0,0,0,0,0,0,0,0,0,0,0,0,0,0,0,0,0,0,0,0,0,0,0,0,0,0,0,0,0,0,0,0,0,0,0,0,0,n361,false,0.4746746289493795,0.8008553068222204,0,0.6005236469129647,false,0,0,0.6883694739697227,0.030363793666321692,null
0,0,0,0,0,0,0,0,0,0,0,0,0,0,0,0,0,0,0,0,0,0,0,0,0,0,0,0,0,0,0,0,0,0,0,0,0,0,0,0,0,0,0,0,0,0,0,0,0,0,n363,true,0.4627469504946625,0.8053259933532031,12,0.34472074206626235,false,0,0,0.7434710926168718,0.7581516494768976,null
0,0,0,0,0,0,0,0,0,0,0,0,0,0,0,0,0,0,0,0,0,0,0,0,0,0,0,0,0,0,0,0,0,0,0,0,0,0,0,0,0,0,0,0,0,0,0,0,0,0,n367,false,0.4178875861076094,0.8517571942570661,0,0.5556515852527386,false,0,0,0.9865315994844828,0.9708284653659234,null
0,0,0,0,0,0,0,0,0,0,0,0,0,0,0,0,0,0,0,0,0,0,0,0,0,0,0,0,0,0,0,0,0,0,0,0,0,0,0,0,0,0,0,0,0,0,0,0,0,0,n368,true,0.6192313714436738,0.7154426109394939,20,0.697247557268492,false,0,0,0.6812223292834289,0.9256260228956888,null
0,0,0,0,0,0,0,0,0,0,0,0,0,0,0,0,0,0,0,0,0,0,0,0,0,0,0,0,0,0,0,0,0,0,0,0,0,0,0,0,0,0,0,0,0,0,0,0,0,0,n373,false,0.1579456072490767,0.9366877908146429,0,0.6755615842659578,false,0,0,0.1577179400099863,0.8855242021171955,null
0,0,0,0,0,0,0,0,0,0,0,0,0,0,0,0,0,0,0,0,0,0,0,0,0,0,0,0,0,0,0,0,0,0,0,0,0,0,0,0,0,0,0,0,0,0,0,0,0,0,n379,true,0.9041603372983186,0.5130704672357616,20,0.6309896304096835,false,0,0,0.6968884187088975,0.535705649845496,null
0,0,0,0,0,0,0,0,0,0,0,0,0,0,0,0,0,0,0,0,0,0,0,0,0,0,0,0,0,0,0,0,0,0,0,0,0,0,0,0,0,0,0,0,0,0,0,0,0,0,n384,false,0.6959941674356508,0.5757061981319767,0,0.6970533154500762,true,0,0,0.6049531142902913,0.7464608049101253,null
0,0,0,0,0,0,0,0,0,0,0,0,0,0,0,0,0,0,0,0,0,0,0,0,0,0,0,0,0,0,0,0,0,0,0,0,0,0,0,0,0,0,0,0,0,0,0,0,0,0,n386,false,0.7943445784863423,0.500778329717009,0,0.07112337257707635,true,0,0,0.6507146076301822,0.7711423417337029,null
0,0,0,0,0,0,0,0,0,0,0,0,0,0,0,0,0,0,0,0,0,0,0,0,0,0,0,0,0,0,0,0,0,0,0,0,0,0,0,0,0,0,0,0,0,0,0,0,0,0,n390,true,0.42475398940702525,0.47075386619083204,21,0.440124597049481,false,0,0,0.8848528015767777,0.5053065385437747,null
0,0,0,0,0,0,0,0,0,0,0,0,0,0,0,0,0,0,0,0,0,0,0,0,0,0,0,0,0,0,0,0,0,0,0,0,0,0,0,0,0,0,0,0,0,0,0,0,0,0,n392,true,0.18143505408045035,0.8983051797784143,21,0.5030690105977204,false,0,0,0.9548593811701591,0.8035106450825278,null
0,0,0,0,0,0,0,0,0,0,0,0,0,0,0,0,0,0,0,0,0,0,0,0,0,0,0,0,0,0,0,0,0,0,0,0,0,0,0,0,0,0,0,0,0,0,0,0,0,0,n393,false,0.45036152773636684,0.940437250319046,0,0.2471976923593675,true,0,0,0.8841623228523828,0.6929680383601929,null
0,0,0,0,0,0,0,0,0,0,0,0,0,0,0,0,0,0,0,0,0,0,0,0,0,0,0,0,0,0,0,0,0,0,0,0,0,0,0,0,0,0,0,0,0,0,0,0,0,0,n396,false,0.4696406653649773,0.03590053273847005,0,0.814445185645162,false,0,0,0.8943726968782092,0.45711439792059205,null
0,0,0,0,0,0,0,0,0,0,0,0,0,0,0,0,0,0,0,0,0,0,0,0,0,0,0,0,0,0,0,0,0,0,0,0,0,0,0,0,0,0,0,0,0,0,0,0,0,0,n397,false,0.806990092312807,0.6982125851534147,0,0.12572448990274926,false,0,0,0.3205405424492265,0.5816309059396068,null
0,0,0,0,0,0,0,0,0,0,0,0,0,0,0,0,0,0,0,0,0,0,0,0,0,0,0,0,0,0,0,0,0,0,0,0,0,0,0,0,0,0,0,0,0,0,0,0,0,0,n412,false,0.15306536059779263,0.8008382202162134,0,0.268115219854385,false,0,0,0.8547358396924076,0.6689785917003216,null
0,0,0,0,0,0,0,0,0,0,0,0,0,0,0,0,0,0,0,0,0,0,0,0,0,0,0,0,0,0,0,0,0,0,0,0,0,0,0,0,0,0,0,0,0,0,0,0,0,0,n416,false,0.35808273814226865,0.7854477114385898,0,0.20586139338065262,true,0,0,0.9686453449831293,0.7989728962028576,null
0,0,0,0,0,0,0,0,0,0,0,0,0,0,0,0,0,0,0,0,0,0,0,0,0,0,0,0,0,0,0,0,0,0,0,0,0,0,0,0,0,0,0,0,0,0,0,0,0,0,n430,true,0.7807551046177692,0.04635837545619759,5,0.40194227890752054,false,0,0,0.4702119759207518,0.5924572443277965,null
0,0,0,0,0,0,0,0,0,0,0,0,0,0,0,0,0,0,0,0,0,0,0,0,0,0,0,0,0,0,0,0,0,0,0,0,0,0,0,0,0,0,0,0,0,0,0,0,0,0,n436,true,0.36068235378493907,0.8986040189190332,11,0.6531701129003141,false,0,0,0.521821806840281,0.9151743967340888,null
0,0,0,0,0,0,0,0,0,0,0,0,0,0,0,0,0,0,0,0,0,0,0,0,0,0,0,0,0,0,0,0,0,0,0,0,0,0,0,0,0,0,0,0,0,0,0,0,0,0,n437,true,0.8105133853272973,0.5379119456350239,20,0.22024105392503418,false,0,0,0.872701321579172,0.38321540658347253,null
0,0,0,0,0,0,0,0,0,0,0,0,0,0,0,0,0,0,0,0,0,0,0,0,0,0,0,0,0,0,0,0,0,0,0,0,0,0,0,0,0,0,0,0,0,0,0,0,0,0,n440,true,0.35786295612389873,0.44937645928691144,20,0.6387133807646126,false,0,0,0.9190923212644873,0.3965959291112886,null
0,0,0,0,0,0,0,0,0,0,0,0,0,0,0,0,0,0,0,0,0,0,0,0,0,0,0,0,0,0,0,0,0,0,0,0,0,0,0,0,0,0,0,0,0,0,0,0,0,0,n441,true,0.9746916010601405,0.86748472185661,11,0.48493801908331136,false,0,0,0.9446740942870532,0.6999224118583574,null
0,0,0,0,0,0,0,0,0,0,0,0,0,0,0,0,0,0,0,0,0,0,0,0,0,0,0,0,0,0,0,0,0,0,0,0,0,0,0,0,0,0,0,0,0,0,0,0,0,0,n442,false,0.6201782689175398,0.17974541341190775,0,0.22902866433126523,false,0,0,0.7790812954685471,0.9363341550207769,null
0,0,0,0,0,0,0,0,0,0,0,0,0,0,0,0,0,0,0,0,0,0,0,0,0,0,0,0,0,0,0,0,0,0,0,0,0,0,0,0,0,0,0,0,0,0,0,0,0,0,n446,true,0.6727521166274392,0.48014340811622924,20,0.8753375098268905,false,0,0,0.8928064541411233,0.8758692465901821,null
0,0,0,0,0,0,0,0,0,0,0,0,0,0,0,0,0,0,0,0,0,0,0,0,0,0,0,0,0,0,0,0,0,0,0,0,0,0,0,0,0,0,0,0,0,0,0,0,0,0,n447,false,0.351320302361046,0.5075219111077308,0,0.289846536098191,true,0,0,0.524739635057985,0.4167746448267445,null
0,0,0,0,0,0,0,0,0,0,0,0,0,0,0,0,0,0,0,0,0,0,0,0,0,0,0,0,0,0,0,0,0,0,0,0,0,0,0,0,0,0,0,0,0,0,0,0,0,0,n449,false,0.9432174867344313,0.8095496355531727,0,0.541776308958573,true,0,0,0.9002908597112608,0.91449129364754,null
0,0,0,0,0,0,0,0,0,0,0,0,0,0,0,0,0,0,0,0,0,0,0,0,0,0,0,0,0,0,0,0,0,0,0,0,0,0,0,0,0,0,0,0,0,0,0,0,0,0,n451,true,0.7714933223159189,0.37844904103008714,21,0.18332654059392983,false,0,0,0.5749215088935342,0.28595104870072074,null
0,0,0,0,0,0,0,0,0,0,0,0,0,0,0,0,0,0,0,0,0,0,0,0,0,0,0,0,0,0,0,0,0,0,0,0,0,0,0,0,0,0,0,0,0,0,0,0,0,0,n452,false,0.694112389139836,0.0913127012149475,0,0.16624984681294253,false,0,0,0.7532957547532022,0.5099830483889101,null
0,0,0,0,0,0,0,0,0,0,0,0,0,0,0,0,0,0,0,0,0,0,0,0,0,0,0,0,0,0,0,0,0,0,0,0,0,0,0,0,0,0,0,0,0,0,0,0,0,0,n455,true,0.9693791924102948,0.8159493678311774,18,0.18558383561005592,false,0,0,0.7939316914102212,0.8950417380678286,null
0,0,0,0,0,0,0,0,0,0,0,0,0,0,0,0,0,0,0,0,0,0,0,0,0,0,0,0,0,0,0,0,0,0,0,0,0,0,0,0,0,0,0,0,0,0,0,0,0,0,n456,true,0.014855025010289347,0.30011330636809985,20,0.7623025097077458,false,0,0,0.602359130780638,0.9356976086202456,null
0,0,0,0,0,0,0,0,0,0,0,0,0,0,0,0,0,0,0,0,0,0,0,0,0,0,0,0,0,0,0,0,0,0,0,0,0,0,0,0,0,0,0,0,0,0,0,0,0,0,n459,true,0.5141677865434514,0.7133978929954409,20,0.588605151112432,false,0,0,0.947607034829759,0.4345003334876794,null
0,0,0,0,0,0,0,0,0,0,0,0,0,0,0,0,0,0,0,0,0,0,0,0,0,0,0,0,0,0,0,0,0,0,0,0,0,0,0,0,0,0,0,0,0,0,0,0,0,0,n464,false,0.5413629255231979,0.5223814426429341,0,0.17910585341216279,false,0,0,0.20323515122248081,0.8096486512945129,null
0,0,0,0,0,0,0,0,0,0,0,0,0,0,0,0,0,0,0,0,0,0,0,0,0,0,0,0,0,0,0,0,0,0,0,0,0,0,0,0,0,0,0,0,0,0,0,0,0,0,n469,true,0.720606282465461,0.6615845157985878,20,0.8824489180765205,false,0,0,0.34380239998188933,0.4260361433279276,null
0,0,0,0,0,0,0,0,0,0,0,0,0,0,0,0,0,0,0,0,0,0,0,0,0,0,0,0,0,0,0,0,0,0,0,0,0,0,0,0,0,0,0,0,0,0,0,0,0,0,n470,false,0.2847998642530112,0.47320084666835793,0,0.4710329709987834,true,0,0,0.6887826640408932,0.450690613274649,null
0,0,0,0,0,0,0,0,0,0,0,0,0,0,0,0,0,0,0,0,0,0,0,0,0,0,0,0,0,0,0,0,0,0,0,0,0,0,0,0,0,0,0,0,0,0,0,0,0,0,n471,true,0.5840874897391306,0.42932437752076785,4,0.9338573503333049,false,0,0,0.6417006749578964,0.9623709017813507,null
0,0,0,0,0,0,0,0,0,0,0,0,0,0,0,0,0,0,0,0,0,0,0,0,0,0,0,0,0,0,0,0,0,0,0,0,0,0,0,0,0,0,0,0,0,0,0,0,0,0,n473,true,0.6469044007224267,0.4984262435043876,21,0.20590466883812641,false,0,0,0.8767860435931003,0.14578240386880836,null
0,0,0,0,0,0,0,0,0,0,0,0,0,0,0,0,0,0,0,0,0,0,0,0,0,0,0,0,0,0,0,0,0,0,0,0,0,0,0,0,0,0,0,0,0,0,0,0,0,0,n474,true,0.6722294549102278,0.6142069934606069,21,0.38802969970943535,false,0,0,0.4051255909958221,0.32692156003396733,null
0,0,0,0,0,0,0,0,0,0,0,0,0,0,0,0,0,0,0,0,0,0,0,0,0,0,0,0,0,0,0,0,0,0,0,0,0,0,0,0,0,0,0,0,0,0,0,0,0,0,n477,false,0.47513922179045887,0.7383996487408452,0,0.1341012919107185,true,0,0,0.2462230120667379,0.8356816865056829,null
0,0,0,0,0,0,0,0,0,0,0,0,0,0,0,0,0,0,0,0,0,0,0,0,0,0,0,0,0,0,0,0,0,0,0,0,0,0,0,0,0,0,0,0,0,0,0,0,0,0,n478,true,0.7091769436904358,0.5898446765413434,21,0.3560155887526215,false,0,0,0.9324013453162197,0.5521483471056507,null
0,0,0,0,0,0,0,0,0,0,0,0,0,0,0,0,0,0,0,0,0,0,0,0,0,0,0,0,0,0,0,0,0,0,0,0,0,0,0,0,0,0,0,0,0,0,0,0,0,0,n483,true,0.675166679037316,0.14695458749332047,13,0.6875437719878407,false,0,0,0.5032203822276093,0.810140254624916,null
0,0,0,0,0,0,0,0,0,0,0,0,0,0,0,0,0,0,0,0,0,0,0,0,0,0,0,0,0,0,0,0,0,0,0,0,0,0,0,0,0,0,0,0,0,0,0,0,0,0,n488,false,0.7885853274803011,0.9288925348505894,0,0.4506329849657651,false,0,0,0.9324125177066892,0.591647749512841,null
0,0,0,0,0,0,0,0,0,0,0,0,0,0,0,0,0,0,0,0,0,0,0,0,0,0,0,0,0,0,0,0,0,0,0,0,0,0,0,0,0,0,0,0,0,0,0,0,0,0,n504,false,0.9531616300207166,0.7651181734291425,0,0.6245120667282703,true,0,0,0.9470910367762109,0.5384679524653625,null
0,0,0,0,0,0,0,0,0,0,0,0,0,0,0,0,0,0,0,0,0,0,0,0,0,0,0,0,0,0,0,0,0,0,0,0,0,0,0,0,0,0,0,0,0,0,0,0,0,0,n510,false,0.19205293783382404,0.8085073592284542,0,0.38501420748738013,false,0,0,0.32403495213080835,0.002913120151211923,null
0,0,0,0,0,0,0,0,0,0,0,0,0,0,0,0,0,0,0,0,0,0,0,0,0,0,0,0,0,0,0,0,0,0,0,0,0,0,0,0,0,0,0,0,0,0,0,0,0,0,n514,true,0.36236473247185375,0.6915983487567681,4,0.49997114584296554,false,0,0,0.9619032791438741,0.8613878642169289,null
0,0,0,0,0,0,0,0,0,0,0,0,0,0,0,0,0,0,0,0,0,0,0,0,0,0,0,0,0,0,0,0,0,0,0,0,0,0,0,0,0,0,0,0,0,0,0,0,0,0,n518,false,0.4527940023566178,0.8621511718147618,0,0.7701792135445684,true,0,0,0.7990318622038347,0.35716659593719424,null
0,0,0,0,0,0,0,0,0,0,0,0,0,0,0,0,0,0,0,0,0,0,0,0,0,0,0,0,0,0,0,0,0,0,0,0,0,0,0,0,0,0,0,0,0,0,0,0,0,0,n519,true,0.11647304948962145,0.7125295597707005,5,0.6995191491590332,false,0,0,0.5355881633208177,0.5368123670165103,null
0,0,0,0,0,0,0,0,0,0,0,0,0,0,0,0,0,0,0,0,0,0,0,0,0,0,0,0,0,0,0,0,0,0,0,0,0,0,0,0,0,0,0,0,0,0,0,0,0,0,n520,false,0.8202389686814503,0.2819833593091186,0,0.41553284324862616,false,0,0,0.6375336139446042,0.8172903424254052,null
0,0,0,0,0,0,0,0,0,0,0,0,0,0,0,0,0,0,0,0,0,0,0,0,0,0,0,0,0,0,0,0,0,0,0,0,0,0,0,0,0,0,0,0,0,0,0,0,0,0,n521,true,0.0998238010609287,0.6926165320686856,19,0.5964371679775691,false,0,0,0.5445322978848529,0.6041800748327657,null
0,0,0,0,0,0,0,0,0,0,0,0,0,0,0,0,0,0,0,0,0,0,0,0,0,0,0,0,0,0,0,0,0,0,0,0,0,0,0,0,0,0,0,0,0,0,0,0,0,0,n524,false,0.8091780498998521,0.7966044040947973,0,0.6178126816813705,false,0,0,0.9702196914950837,0.2846418149069122,null
0,0,0,0,0,0,0,0,0,0,0,0,0,0,0,0,0,0,0,0,0,0,0,0,0,0,0,0,0,0,0,0,0,0,0,0,0,0,0,0,0,0,0,0,0,0,0,0,0,0,n528,true,0.8964282054455661,0.8731981422394506,6,0.3547784097945463,false,0,0,0.6568808782533939,0.27509113368798965,null
0,0,0,0,0,0,0,0,0,0,0,0,0,0,0,0,0,0,0,0,0,0,0,0,0,0,0,0,0,0,0,0,0,0,0,0,0,0,0,0,0,0,0,0,0,0,0,0,0,0,n529,false,0.2344571932277889,0.5517907881702931,0,0.5541950886435796,false,0,0,0.3308088924687058,0.976076018434981,null
0,0,0,0,0,0,0,0,0,0,0,0,0,0,0,0,0,0,0,0,0,0,0,0,0,0,0,0,0,0,0,0,0,0,0,0,0,0,0,0,0,0,0,0,0,0,0,0,0,0,n534,true,0.5132117822480129,0.24450705806064443,12,0.05954447170353283,false,0,0,0.8814048146947487,0.9266553924377541,null
0,0,0,0,0,0,0,0,0,0,0,0,0,0,0,0,0,0,0,0,0,0,0,0,0,0,0,0,0,0,0,0,0,0,0,0,0,0,0,0,0,0,0,0,0,0,0,0,0,0,n535,false,0.6175663683708353,0.8112079928955885,0,0.22082322767707319,false,0,0,0.8531270942600127,0.9537781475936424,null
0,0,0,0,0,0,0,0,0,0,0,0,0,0,0,0,0,0,0,0,0,0,0,0,0,0,0,0,0,0,0,0,0,0,0,0,0,0,0,0,0,0,0,0,0,0,0,0,0,0,n537,false,0.8707023788329242,0.5748622028477911,0,0.1220723152212907,false,0,0,0.8676509508144077,0.7117575189170366,null
0,0,0,0,0,0,0,0,0,0,0,0,0,0,0,0,0,0,0,0,0,0,0,0,0,0,0,0,0,0,0,0,0,0,0,0,0,0,0,0,0,0,0,0,0,0,0,0,0,0,n538,false,0.45272702671205617,0.5646808473786428,0,0.6263846244535936,false,0,0,0.8048942528779048,0.8397841958732457,null
0,0,0,0,0,0,0,0,0,0,0,0,0,0,0,0,0,0,0,0,0,0,0,0,0,0,0,0,0,0,0,0,0,0,0,0,0,0,0,0,0,0,0,0,0,0,0,0,0,0,n540,false,0.7824835010342057,0.18506398889796283,0,0.5841621997681636,true,0,0,0.5051719941356775,0.2551241303811319,null
0,0,0,0,0,0,0,0,0,0,0,0,0,0,0,0,0,0,0,0,0,0,0,0,0,0,0,0,0,0,0,0,0,0,0,0,0,0,0,0,0,0,0,0,0,0,0,0,0,0,n541,false,0.4548058362231422,0.5452657841301601,0,0.08796115998233622,true,0,0,0.752323561512497,0.6720505385947452,null
0,0,0,0,0,0,0,0,0,0,0,0,0,0,0,0,0,0,0,0,0,0,0,0,0,0,0,0,0,0,0,0,0,0,0,0,0,0,0,0,0,0,0,0,0,0,0,0,0,0,n543,true,0.40087116056570365,0.3088651770761702,21,0.988579678234639,false,0,0,0.7381752905065021,0.5676735015475806,null
0,0,0,0,0,0,0,0,0,0,0,0,0,0,0,0,0,0,0,0,0,0,0,0,0,0,0,0,0,0,0,0,0,0,0,0,0,0,0,0,0,0,0,0,0,0,0,0,0,0,n546,true,0.0910911509830794,0.40331081361261334,12,0.42041399331456175,false,0,0,0.6689401567588715,0.1527878427994176,null
0,0,0,0,0,0,0,0,0,0,0,0,0,0,0,0,0,0,0,0,0,0,0,0,0,0,0,0,0,0,0,0,0,0,0,0,0,0,0,0,0,0,0,0,0,0,0,0,0,0,n548,true,0.9302994589545619,0.18308947517792507,4,0.21455209343861342,false,0,0,0.9831123673369735,0.5054665227946563,null
0,0,0,0,0,0,0,0,0,0,0,0,0,0,0,0,0,0,0,0,0,0,0,0,0,0,0,0,0,0,0,0,0,0,0,0,0,0,0,0,0,0,0,0,0,0,0,0,0,0,n549,true,0.8261400847891449,0.5364406913368109,5,0.31368815228189906,false,0,0,0.6943459031335989,0.6288409845913949,null
0,0,0,0,0,0,0,0,0,0,0,0,0,0,0,0,0,0,0,0,0,0,0,0,0,0,0,0,0,0,0,0,0,0,0,0,0,0,0,0,0,0,0,0,0,0,0,0,0,0,n552,true,0.7002101811712143,0.7698519182723652,19,0.5221960808695244,false,0,0,0.5540351745049208,0.9295082142432303,null
0,0,0,0,0,0,0,0,0,0,0,0,0,0,0,0,0,0,0,0,0,0,0,0,0,0,0,0,0,0,0,0,0,0,0,0,0,0,0,0,0,0,0,0,0,0,0,0,0,0,n555,true,0.5973604497462901,0.03147303928049994,4,0.5597750304986223,false,0,0,0.4900745217756965,0.6680064130520622,null
0,0,0,0,0,0,0,0,0,0,0,0,0,0,0,0,0,0,0,0,0,0,0,0,0,0,0,0,0,0,0,0,0,0,0,0,0,0,0,0,0,0,0,0,0,0,0,0,0,0,n557,false,0.5459306696847114,0.41911441076150374,0,0.5515609520718695,false,0,0,0.5371140922863347,0.6866807206910134,null
0,0,0,0,0,0,0,0,0,0,0,0,0,0,0,0,0,0,0,0,0,0,0,0,0,0,0,0,0,0,0,0,0,0,0,0,0,0,0,0,0,0,0,0,0,0,0,0,0,0,n558,true,0.5601407214519846,0.719468279857128,21,0.19502459234434172,false,0,0,0.1892573229481901,0.665753105178297,null
0,0,0,0,0,0,0,0,0,0,0,0,0,0,0,0,0,0,0,0,0,0,0,0,0,0,0,0,0,0,0,0,0,0,0,0,0,0,0,0,0,0,0,0,0,0,0,0,0,0,n559,true,0.9210410048351786,0.44206527714230287,11,0.4429101578724537,false,0,0,0.9508758111678477,0.6765520585372735,null
0,0,0,0,0,0,0,0,0,0,0,0,0,0,0,0,0,0,0,0,0,0,0,0,0,0,0,0,0,0,0,0,0,0,0,0,0,0,0,0,0,0,0,0,0,0,0,0,0,0,n560,true,0.7866508969050046,0.8125150146835446,19,0.7385944046218131,false,0,0,0.9960891408567583,0.9623344621148042,null
0,0,0,0,0,0,0,0,0,0,0,0,0,0,0,0,0,0,0,0,0,0,0,0,0,0,0,0,0,0,0,0,0,0,0,0,0,0,0,0,0,0,0,0,0,0,0,0,0,0,n562,true,0.5560081636432102,0.40230843152792833,21,0.5066243605326489,false,0,0,0.6219349161630008,0.6959156498661547,null
0,0,0,0,0,0,0,0,0,0,0,0,0,0,0,0,0,0,0,0,0,0,0,0,0,0,0,0,0,0,0,0,0,0,0,0,0,0,0,0,0,0,0,0,0,0,0,0,0,0,n569,true,0.7178105401263652,0.08363625565398591,20,0.8008936588041157,false,0,0,0.4348181865642659,0.12123542328912673,null
0,0,0,0,0,0,0,0,0,0,0,0,0,0,0,0,0,0,0,0,0,0,0,0,0,0,0,0,0,0,0,0,0,0,0,0,0,0,0,0,0,0,0,0,0,0,0,0,0,0,n573,true,0.18294576446950284,0.8120298473118057,10,0.6086715273372469,false,0,0,0.5904498952186784,0.6561790764887844,null
0,0,0,0,0,0,0,0,0,0,0,0,0,0,0,0,0,0,0,0,0,0,0,0,0,0,0,0,0,0,0,0,0,0,0,0,0,0,0,0,0,0,0,0,0,0,0,0,0,0,n592,true,0.18048998760133417,0.4076131180286145,19,0.9399189092790701,false,0,0,0.9575963767359394,0.12741745809012994,null
0,0,0,0,0,0,0,0,0,0,0,0,0,0,0,0,0,0,0,0,0,0,0,0,0,0,0,0,0,0,0,0,0,0,0,0,0,0,0,0,0,0,0,0,0,0,0,0,0,0,n595,false,0.5390147860525313,0.6819663195061685,0,0.5025552741270571,false,0,0,0.9976634044310663,0.8994491497827588,null
0,0,0,0,0,0,0,0,0,0,0,0,0,0,0,0,0,0,0,0,0,0,0,0,0,0,0,0,0,0,0,0,0,0,0,0,0,0,0,0,0,0,0,0,0,0,0,0,0,0,n597,false,0.7049373349527244,0.7588608893974749,0,0.3510507876545486,true,0,0,0.12907916191533264,0.9429588809109153,null
0,0,0,0,0,0,0,0,0,0,0,0,0,0,0,0,0,0,0,0,0,0,0,0,0,0,0,0,0,0,0,0,0,0,0,0,0,0,0,0,0,0,0,0,0,0,0,0,0,0,n598,false,0.8167210697493414,0.5012779742635949,0,0.3551505264991821,false,0,0,0.9190934207981138,0.555614016347338,null
0,0,0,0,0,0,0,0,0,0,0,0,0,0,0,0,0,0,0,0,0,0,0,0,0,0,0,0,0,0,0,0,0,0,0,0,0,0,0,0,0,0,0,0,0,0,0,0,0,0,n599,true,0.5370487577435188,0.3987163876329953,21,0.37704894168698844,false,0,0,0.8744747576178287,0.16070041699136106,null
0,0,0,0,0,0,0,0,0,0,0,0,0,0,0,0,0,0,0,0,0,0,0,0,0,0,0,0,0,0,0,0,0,0,0,0,0,0,0,0,0,0,0,0,0,0,0,0,0,0,n601,true,0.7475368880079625,0.9534661830343016,18,0.8988213385034934,false,0,0,0.6885038318193732,0.8255617262801722,null
0,0,0,0,0,0,0,0,0,0,0,0,0,0,0,0,0,0,0,0,0,0,0,0,0,0,0,0,0,0,0,0,0,0,0,0,0,0,0,0,0,0,0,0,0,0,0,0,0,0,n604,true,0.334300484539816,0.513551254599205,21,0.1145131623983951,false,0,0,0.7435623837882995,0.7254595360538654,null
0,0,0,0,0,0,0,0,0,0,0,0,0,0,0,0,0,0,0,0,0,0,0,0,0,0,0,0,0,0,0,0,0,0,0,0,0,0,0,0,0,0,0,0,0,0,0,0,0,0,n609,true,0.03234707527337655,0.5126540108500823,13,0.9620722315322274,false,0,0,0.8824711428463844,0.8219865718250944,null
0,0,0,0,0,0,0,0,0,0,0,0,0,0,0,0,0,0,0,0,0,0,0,0,0,0,0,0,0,0,0,0,0,0,0,0,0,0,0,0,0,0,0,0,0,0,0,0,0,0,n612,false,0.9376161568122442,0.5368816577032367,0,0.885956873754413,true,0,0,0.5430039443156809,0.625099710699911,null
0,0,0,0,0,0,0,0,0,0,0,0,0,0,0,0,0,0,0,0,0,0,0,0,0,0,0,0,0,0,0,0,0,0,0,0,0,0,0,0,0,0,0,0,0,0,0,0,0,0,n615,false,0.7584502899441332,0.8774035757898823,0,0.5235132886630857,true,0,0,0.23382099363160747,0.9416740743185824,null
0,0,0,0,0,0,0,0,0,0,0,0,0,0,0,0,0,0,0,0,0,0,0,0,0,0,0,0,0,0,0,0,0,0,0,0,0,0,0,0,0,0,0,0,0,0,0,0,0,0,n616,false,0.5769006393946066,0.7643574006474964,0,0.0012332146448187364,false,0,0,0.9789236050486605,0.8191147023350095,null
0,0,0,0,0,0,0,0,0,0,0,0,0,0,0,0,0,0,0,0,0,0,0,0,0,0,0,0,0,0,0,0,0,0,0,0,0,0,0,0,0,0,0,0,0,0,0,0,0,0,n622,false,0.5828011271432588,0.991707474626613,0,0.6137676440702846,false,0,0,0.8949659299094419,0.11159488747353663,null
0,0,0,0,0,0,0,0,0,0,0,0,0,0,0,0,0,0,0,0,0,0,0,0,0,0,0,0,0,0,0,0,0,0,0,0,0,0,0,0,0,0,0,0,0,0,0,0,0,0,n624,true,0.7098798296257214,0.5397730058287084,4,0.8202108477955264,false,0,0,0.45254358426810704,0.3382530311729379,null
0,0,0,0,0,0,0,0,0,0,0,0,0,0,0,0,0,0,0,0,0,0,0,0,0,0,0,0,0,0,0,0,0,0,0,0,0,0,0,0,0,0,0,0,0,0,0,0,0,0,n625,false,0.8390841381148075,0.3465132212707099,0,0.36184632747338286,true,0,0,0.9832729065921062,0.698943611764542,null
0,0,0,0,0,0,0,0,0,0,0,0,0,0,0,0,0,0,0,0,0,0,0,0,0,0,0,0,0,0,0,0,0,0,0,0,0,0,0,0,0,0,0,0,0,0,0,0,0,0,n627,true,0.24626839026111746,0.8496221533422192,18,0.2990399753068782,false,0,0,0.8760481871876918,0.5480097876588139,null
0,0,0,0,0,0,0,0,0,0,0,0,0,0,0,0,0,0,0,0,0,0,0,0,0,0,0,0,0,0,0,0,0,0,0,0,0,0,0,0,0,0,0,0,0,0,0,0,0,0,n630,true,0.6630453528201095,0.520740110728443,21,0.2850155579382748,false,0,0,0.8938923076725015,0.7111167309835393,null
0,0,0,0,0,0,0,0,0,0,0,0,0,0,0,0,0,0,0,0,0,0,0,0,0,0,0,0,0,0,0,0,0,0,0,0,0,0,0,0,0,0,0,0,0,0,0,0,0,0,n632,false,0.29367664917596814,0.9049222963886241,0,0.7717527389632136,true,0,0,0.7135665415365768,0.9682859755414326,null
0,0,0,0,0,0,0,0,0,0,0,0,0,0,0,0,0,0,0,0,0,0,0,0,0,0,0,0,0,0,0,0,0,0,0,0,0,0,0,0,0,0,0,0,0,0,0,0,0,0,n637,true,0.7459806107490423,0.9750213407822084,22,0.710935326681452,false,0,0,0.8705132494176638,0.340917029482179,null
0,0,0,0,0,0,0,0,0,0,0,0,0,0,0,0,0,0,0,0,0,0,0,0,0,0,0,0,0,0,0,0,0,0,0,0,0,0,0,0,0,0,0,0,0,0,0,0,0,0,n638,false,0.9101187085857781,0.33809513027593247,0,0.04032367045925778,true,0,0,0.9846076732483613,0.8326475602009527,null
0,0,0,0,0,0,0,0,0,0,0,0,0,0,0,0,0,0,0,0,0,0,0,0,0,0,0,0,0,0,0,0,0,0,0,0,0,0,0,0,0,0,0,0,0,0,0,0,0,0,n639,false,0.983788564823088,0.32251947728696306,0,0.551306294072668,false,0,0,0.6399079288879417,0.9831136788512529,null
0,0,0,0,0,0,0,0,0,0,0,0,0,0,0,0,0,0,0,0,0,0,0,0,0,0,0,0,0,0,0,0,0,0,0,0,0,0,0,0,0,0,0,0,0,0,0,0,0,0,n644,false,0.5743480929754416,0.7442799437540499,0,0.411102003267468,false,0,0,0.8581645186607435,0.3039981431520018,null
0,0,0,0,0,0,0,0,0,0,0,0,0,0,0,0,0,0,0,0,0,0,0,0,0,0,0,0,0,0,0,0,0,0,0,0,0,0,0,0,0,0,0,0,0,0,0,0,0,0,n650,true,0.8331959032365679,0.07795759877015462,18,0.23483072707936864,false,0,0,0.7453417255285555,0.7125691390088577,null
0,0,0,0,0,0,0,0,0,0,0,0,0,0,0,0,0,0,0,0,0,0,0,0,0,0,0,0,0,0,0,0,0,0,0,0,0,0,0,0,0,0,0,0,0,0,0,0,0,0,n652,true,0.04566135584627573,0.3130443161096482,12,0.9574301020899227,false,0,0,0.5853261517884408,0.4310356709774056,null
0,0,0,0,0,0,0,0,0,0,0,0,0,0,0,0,0,0,0,0,0,0,0,0,0,0,0,0,0,0,0,0,0,0,0,0,0,0,0,0,0,0,0,0,0,0,0,0,0,0,n663,true,0.5926936584541598,0.645387205933178,20,0.07961573399414518,false,0,0,0.2675118574814429,0.8634548322625466,null
0,0,0,0,0,0,0,0,0,0,0,0,0,0,0,0,0,0,0,0,0,0,0,0,0,0,0,0,0,0,0,0,0,0,0,0,0,0,0,0,0,0,0,0,0,0,0,0,0,0,n664,false,0.4632051745650987,0.827131673971369,0,0.45856973717981236,true,0,0,0.6788116089350876,0.12086302551073913,null
0,0,0,0,0,0,0,0,0,0,0,0,0,0,0,0,0,0,0,0,0,0,0,0,0,0,0,0,0,0,0,0,0,0,0,0,0,0,0,0,0,0,0,0,0,0,0,0,0,0,n675,false,0.7817757670178328,0.729764319347303,0,0.6212625222390268,true,0,0,0.8949412824303109,0.8263600386682955,null
0,0,0,0,0,0,0,0,0,0,0,0,0,0,0,0,0,0,0,0,0,0,0,0,0,0,0,0,0,0,0,0,0,0,0,0,0,0,0,0,0,0,0,0,0,0,0,0,0,0,n676,true,0.6354162807754539,0.5807501842750532,20,0.19840554183379083,false,0,0,0.7636176592376966,0.31441722398466476,null
0,0,0,0,0,0,0,0,0,0,0,0,0,0,0,0,0,0,0,0,0,0,0,0,0,0,0,0,0,0,0,0,0,0,0,0,0,0,0,0,0,0,0,0,0,0,0,0,0,0,n677,false,0.8654412481865966,0.8462628179775816,0,0.43343754427440395,false,0,0,0.9485823090537844,0.9151755719569569,null
0,0,0,0,0,0,0,0,0,0,0,0,0,0,0,0,0,0,0,0,0,0,0,0,0,0,0,0,0,0,0,0,0,0,0,0,0,0,0,0,0,0,0,0,0,0,0,0,0,0,n683,true,0.4596515189455793,0.18488162330553348,11,0.8790734151208955,false,0,0,0.5697538626491806,0.9111341291336844,null
0,0,0,0,0,0,0,0,0,0,0,0,0,0,0,0,0,0,0,0,0,0,0,0,0,0,0,0,0,0,0,0,0,0,0,0,0,0,0,0,0,0,0,0,0,0,0,0,0,0,n685,false,0.8567554402598389,0.6864763308876259,0,0.29390979877754875,false,0,0,0.19934887040658367,0.9067836652697105,null
0,0,0,0,0,0,0,0,0,0,0,0,0,0,0,0,0,0,0,0,0,0,0,0,0,0,0,0,0,0,0,0,0,0,0,0,0,0,0,0,0,0,0,0,0,0,0,0,0,0,n686,true,0.5407474754727956,0.4546295141355865,20,0.31708721904816495,false,0,0,0.6448071794979781,0.8695789360737511,null
0,0,0,0,0,0,0,0,0,0,0,0,0,0,0,0,0,0,0,0,0,0,0,0,0,0,0,0,0,0,0,0,0,0,0,0,0,0,0,0,0,0,0,0,0,0,0,0,0,0,n687,false,0.4859992199016111,0.48420306682651626,0,0.2694463872931837,true,0,0,0.9822258932514228,0.9268235488302496,null
0,0,0,0,0,0,0,0,0,0,0,0,0,0,0,0,0,0,0,0,0,0,0,0,0,0,0,0,0,0,0,0,0,0,0,0,0,0,0,0,0,0,0,0,0,0,0,0,0,0,n696,true,0.8014576757004319,0.9794259746681688,14,0.25546709905649345,false,0,0,0.5256213216211093,0.7261447621997299,null
0,0,0,0,0,0,0,0,0,0,0,0,0,0,0,0,0,0,0,0,0,0,0,0,0,0,0,0,0,0,0,0,0,0,0,0,0,0,0,0,0,0,0,0,0,0,0,0,0,0,n698,true,0.49499295282169803,0.289188321880576,20,0.7732043199493647,false,0,0,0.4622912934428197,0.611764804954536,null
0,0,0,0,0,0,0,0,0,0,0,0,0,0,0,0,0,0,0,0,0,0,0,0,0,0,0,0,0,0,0,0,0,0,0,0,0,0,0,0,0,0,0,0,0,0,0,0,0,0,n715,false,0.9260632510735038,0.3530389862380388,0,0.4894836559395512,false,0,0,0.579177752703499,0.3349781059847942,null
0,0,0,0,0,0,0,0,0,0,0,0,0,0,0,0,0,0,0,0,0,0,0,0,0,0,0,0,0,0,0,0,0,0,0,0,0,0,0,0,0,0,0,0,0,0,0,0,0,0,n716,false,0.6787472489986645,0.2635691938244878,0,0.5368436673169683,false,0,0,0.7633300124616331,0.4699314766757312,null
0,0,0,0,0,0,0,0,0,0,0,0,0,0,0,0,0,0,0,0,0,0,0,0,0,0,0,0,0,0,0,0,0,0,0,0,0,0,0,0,0,0,0,0,0,0,0,0,0,0,n721,true,0.49922541276766064,0.2596017555632517,19,0.8804104515527194,false,0,0,0.8161443810764096,0.7222790658910964,null
0,0,0,0,0,0,0,0,0,0,0,0,0,0,0,0,0,0,0,0,0,0,0,0,0,0,0,0,0,0,0,0,0,0,0,0,0,0,0,0,0,0,0,0,0,0,0,0,0,0,n729,true,0.5074715905293232,0.6706634488014134,21,0.7568252318888562,false,0,0,0.8048518258025269,0.968733417881413,null
0,0,0,0,0,0,0,0,0,0,0,0,0,0,0,0,0,0,0,0,0,0,0,0,0,0,0,0,0,0,0,0,0,0,0,0,0,0,0,0,0,0,0,0,0,0,0,0,0,0,n736,true,0.8105211227634275,0.7803233433985804,20,0.6494898566141288,false,0,0,0.9080132955667162,0.8693685368347529,null
0,0,0,0,0,0,0,0,0,0,0,0,0,0,0,0,0,0,0,0,0,0,0,0,0,0,0,0,0,0,0,0,0,0,0,0,0,0,0,0,0,0,0,0,0,0,0,0,0,0,n749,false,0.9340809160730512,0.7805445628602733,0,0.06586010950172205,true,0,0,0.9166153348869369,0.8605136409613847,null
0,0,0,0,0,0,0,0,0,0,0,0,0,0,0,0,0,0,0,0,0,0,0,0,0,0,0,0,0,0,0,0,0,0,0,0,0,0,0,0,0,0,0,0,0,0,0,0,0,0,n752,true,0.8959591987238386,0.8947763879545241,19,0.15278608938555793,false,0,0,0.7831204956239474,0.960282983553029,null
0,0,0,0,0,0,0,0,0,0,0,0,0,0,0,0,0,0,0,0,0,0,0,0,0,0,0,0,0,0,0,0,0,0,0,0,0,0,0,0,0,0,0,0,0,0,0,0,0,0,n753,false,0.09989490636887322,0.8875883380462007,0,0.939912940647604,false,0,0,0.8557481045305091,0.3959261899886256,null
0,0,0,0,0,0,0,0,0,0,0,0,0,0,0,0,0,0,0,0,0,0,0,0,0,0,0,0,0,0,0,0,0,0,0,0,0,0,0,0,0,0,0,0,0,0,0,0,0,0,n755,false,0.6711219744099398,0.6413259943406886,0,0.465777510310065,false,0,0,0.3210542623581507,0.7634281329397957,null
0,0,0,0,0,0,0,0,0,0,0,0,0,0,0,0,0,0,0,0,0,0,0,0,0,0,0,0,0,0,0,0,0,0,0,0,0,0,0,0,0,0,0,0,0,0,0,0,0,0,n759,true,0.9314296978970051,0.8284080251631478,20,0.5281328559585325,false,0,0,0.9413659780243168,0.7552783948000176,null
0,0,0,0,0,0,0,0,0,0,0,0,0,0,0,0,0,0,0,0,0,0,0,0,0,0,0,0,0,0,0,0,0,0,0,0,0,0,0,0,0,0,0,0,0,0,0,0,0,0,n762,true,0.8733289371860581,0.9004882640892974,20,0.4162229140206078,false,0,0,0.540361425362594,0.04450521902965099,null
0,0,0,0,0,0,0,0,0,0,0,0,0,0,0,0,0,0,0,0,0,0,0,0,0,0,0,0,0,0,0,0,0,0,0,0,0,0,0,0,0,0,0,0,0,0,0,0,0,0,n764,false,0.692426421220278,0.8130801764266925,0,0.8333047156447195,true,0,0,0.399858170580515,0.8351224528588376,null
0,0,0,0,0,0,0,0,0,0,0,0,0,0,0,0,0,0,0,0,0,0,0,0,0,0,0,0,0,0,0,0,0,0,0,0,0,0,0,0,0,0,0,0,0,0,0,0,0,0,n766,true,0.9935099231432906,0.9230126835400508,21,0.6521527287058309,false,0,0,0.9706240580918202,0.4649558731524584,null
0,0,0,0,0,0,0,0,0,0,0,0,0,0,0,0,0,0,0,0,0,0,0,0,0,0,0,0,0,0,0,0,0,0,0,0,0,0,0,0,0,0,0,0,0,0,0,0,0,0,n773,false,0.7140135904224858,0.5595614014844078,0,0.6108312258337082,false,0,0,0.9985883053295039,0.674280882501813,null
0,0,0,0,0,0,0,0,0,0,0,0,0,0,0,0,0,0,0,0,0,0,0,0,0,0,0,0,0,0,0,0,0,0,0,0,0,0,0,0,0,0,0,0,0,0,0,0,0,0,n776,false,0.5549847797272762,0.9379738818018204,0,0.622235717785044,true,0,0,0.8632395892909636,0.32235335550150623,null
0,0,0,0,0,0,0,0,0,0,0,0,0,0,0,0,0,0,0,0,0,0,0,0,0,0,0,0,0,0,0,0,0,0,0,0,0,0,0,0,0,0,0,0,0,0,0,0,0,0,n778,true,0.21379396818099644,0.750095745425936,7,0.21638099528298232,false,0,0,0.745588426959234,0.8903756894451144,null
0,0,0,0,0,0,0,0,0,0,0,0,0,0,0,0,0,0,0,0,0,0,0,0,0,0,0,0,0,0,0,0,0,0,0,0,0,0,0,0,0,0,0,0,0,0,0,0,0,0,n779,false,0.594441880123141,0.8965895819738835,0,0.15024338052569752,false,0,0,0.7198740012292961,0.5832286037336043,null
0,0,0,0,0,0,0,0,0,0,0,0,0,0,0,0,0,0,0,0,0,0,0,0,0,0,0,0,0,0,0,0,0,0,0,0,0,0,0,0,0,0,0,0,0,0,0,0,0,0,n783,true,0.3267010798402169,0.9087969680688768,11,0.6459819355561407,false,0,0,0.30628234871507865,0.3576696581578882,null
0,0,0,0,0,0,0,0,0,0,0,0,0,0,0,0,0,0,0,0,0,0,0,0,0,0,0,0,0,0,0,0,0,0,0,0,0,0,0,0,0,0,0,0,0,0,0,0,0,0,n796,true,0.7931446573357533,0.7094249633151987,21,0.4244627028059044,false,0,0,0.47701826528359065,0.8824024129707548,null
0,0,0,0,0,0,0,0,0,0,0,0,0,0,0,0,0,0,0,0,0,0,0,0,0,0,0,0,0,0,0,0,0,0,0,0,0,0,0,0,0,0,0,0,0,0,0,0,0,0,n802,true,0.8743572668499786,0.662844652595242,5,0.6192556061394993,false,0,0,0.8917686648505582,0.6881092113998504,null
0,0,0,0,0,0,0,0,0,0,0,0,0,0,0,0,0,0,0,0,0,0,0,0,0,0,0,0,0,0,0,0,0,0,0,0,0,0,0,0,0,0,0,0,0,0,0,0,0,0,n803,false,0.7193060307409375,0.892803063294398,0,0.6614529291345163,true,0,0,0.7340891787090909,0.5265819876750542,null
0,0,0,0,0,0,0,0,0,0,0,0,0,0,0,0,0,0,0,0,0,0,0,0,0,0,0,0,0,0,0,0,0,0,0,0,0,0,0,0,0,0,0,0,0,0,0,0,0,0,n806,false,0.37437033621056887,0.42421106146114457,0,0.041325238925612295,false,0,0,0.4636313941778833,0.2117903098949293,null
0,0,0,0,0,0,0,0,0,0,0,0,0,0,0,0,0,0,0,0,0,0,0,0,0,0,0,0,0,0,0,0,0,0,0,0,0,0,0,0,0,0,0,0,0,0,0,0,0,0,n809,false,0.766897161361592,0.9717550911886789,0,0.13001552757203555,true,0,0,0.7428230565638673,0.7441812374268452,null
0,0,0,0,0,0,0,0,0,0,0,0,0,0,0,0,0,0,0,0,0,0,0,0,0,0,0,0,0,0,0,0,0,0,0,0,0,0,0,0,0,0,0,0,0,0,0,0,0,0,n815,true,0.43792501035398923,0.3915617888583025,12,0.23034697979275376,false,0,0,0.7262618528651463,0.9427886600880899,null
0,0,0,0,0,0,0,0,0,0,0,0,0,0,0,0,0,0,0,0,0,0,0,0,0,0,0,0,0,0,0,0,0,0,0,0,0,0,0,0,0,0,0,0,0,0,0,0,0,0,n818,true,0.6509660406077881,0.6615631607211487,12,0.5298838566433993,false,0,0,0.750423755587576,0.9565491839515224,null
0,0,0,0,0,0,0,0,0,0,0,0,0,0,0,0,0,0,0,0,0,0,0,0,0,0,0,0,0,0,0,0,0,0,0,0,0,0,0,0,0,0,0,0,0,0,0,0,0,0,n826,false,0.6886667569171776,0.7364949836212221,0,0.9952742053076917,true,0,0,0.5514494161743203,0.6984473637951997,null
0,0,0,0,0,0,0,0,0,0,0,0,0,0,0,0,0,0,0,0,0,0,0,0,0,0,0,0,0,0,0,0,0,0,0,0,0,0,0,0,0,0,0,0,0,0,0,0,0,0,n829,true,0.5585810917046345,0.865267519019297,21,0.37596975656882164,false,0,0,0.3251113707173834,0.14023564492229657,null
0,0,0,0,0,0,0,0,0,0,0,0,0,0,0,0,0,0,0,0,0,0,0,0,0,0,0,0,0,0,0,0,0,0,0,0,0,0,0,0,0,0,0,0,0,0,0,0,0,0,n830,false,0.5658803614206765,0.390593591709791,0,0.44878236791233767,true,0,0,0.5253349693903759,0.6616389565678494,null
0,0,0,0,0,0,0,0,0,0,0,0,0,0,0,0,0,0,0,0,0,0,0,0,0,0,0,0,0,0,0,0,0,0,0,0,0,0,0,0,0,0,0,0,0,0,0,0,0,0,n831,false,0.8126556793642103,0.46420270746013415,0,0.6776985640273463,true,0,0,0.5693843071547208,0.79935972740456,null
0,0,0,0,0,0,0,0,0,0,0,0,0,0,0,0,0,0,0,0,0,0,0,0,0,0,0,0,0,0,0,0,0,0,0,0,0,0,0,0,0,0,0,0,0,0,0,0,0,0,n833,false,0.7132646518851682,0.48305445743031056,0,0.11954693972795555,true,0,0,0.9053410819239024,0.8524309573186856,null
0,0,0,0,0,0,0,0,0,0,0,0,0,0,0,0,0,0,0,0,0,0,0,0,0,0,0,0,0,0,0,0,0,0,0,0,0,0,0,0,0,0,0,0,0,0,0,0,0,0,n835,false,0.47884178334333954,0.7073402752026721,0,0.25240785063941795,true,0,0,0.717802696514062,0.8454354816905596,null
0,0,0,0,0,0,0,0,0,0,0,0,0,0,0,0,0,0,0,0,0,0,0,0,0,0,0,0,0,0,0,0,0,0,0,0,0,0,0,0,0,0,0,0,0,0,0,0,0,0,n840,true,0.8457948680532992,0.8066169141515821,20,0.20582657891626416,false,0,0,0.5929314629002111,0.9038676885583947,null
0,0,0,0,0,0,0,0,0,0,0,0,0,0,0,0,0,0,0,0,0,0,0,0,0,0,0,0,0,0,0,0,0,0,0,0,0,0,0,0,0,0,0,0,0,0,0,0,0,0,n843,false,0.46045551119196027,0.8622975369743544,0,0.11821645489897264,true,0,0,0.809408312414965,0.28793844334858887,null
0,0,0,0,0,0,0,0,0,0,0,0,0,0,0,0,0,0,0,0,0,0,0,0,0,0,0,0,0,0,0,0,0,0,0,0,0,0,0,0,0,0,0,0,0,0,0,0,0,0,n845,true,0.7448187655541447,0.7981501383007883,20,0.12634637926736308,false,0,0,0.47404002905283066,0.2942948650214662,null
0,0,0,0,0,0,0,0,0,0,0,0,0,0,0,0,0,0,0,0,0,0,0,0,0,0,0,0,0,0,0,0,0,0,0,0,0,0,0,0,0,0,0,0,0,0,0,0,0,0,n850,true,0.52677787941479,0.9191232956447954,20,0.498596468944284,false,0,0,0.699267090203987,0.7896745429901657,null
0,0,0,0,0,0,0,0,0,0,0,0,0,0,0,0,0,0,0,0,0,0,0,0,0,0,0,0,0,0,0,0,0,0,0,0,0,0,0,0,0,0,0,0,0,0,0,0,0,0,n853,false,0.8139019045714416,0.6249198219998371,0,0.15266302871758364,false,0,0,0.9182300367476816,0.8063258292122965,null
0,0,0,0,0,0,0,0,0,0,0,0,0,0,0,0,0,0,0,0,0,0,0,0,0,0,0,0,0,0,0,0,0,0,0,0,0,0,0,0,0,0,0,0,0,0,0,0,0,0,n857,false,0.9999237657523214,0.8897203436229396,0,0.9376001281282547,true,0,0,0.8788921162822882,0.8670495351052585,null
0,0,0,0,0,0,0,0,0,0,0,0,0,0,0,0,0,0,0,0,0,0,0,0,0,0,0,0,0,0,0,0,0,0,0,0,0,0,0,0,0,0,0,0,0,0,0,0,0,0,n861,true,0.7588199464023966,0.6573426536901814,5,0.6558094115642537,false,0,0,0.24167205237732647,0.13504535421408015,null
0,0,0,0,0,0,0,0,0,0,0,0,0,0,0,0,0,0,0,0,0,0,0,0,0,0,0,0,0,0,0,0,0,0,0,0,0,0,0,0,0,0,0,0,0,0,0,0,0,0,n862,false,0.8756311736201882,0.8165711421534733,0,0.39115274317022775,false,0,0,0.9981698487390498,0.8170339678127843,null
0,0,0,0,0,0,0,0,0,0,0,0,0,0,0,0,0,0,0,0,0,0,0,0,0,0,0,0,0,0,0,0,0,0,0,0,0,0,0,0,0,0,0,0,0,0,0,0,0,0,n865,false,0.4153943967081443,0.260462754947198,0,0.6861944551108307,false,0,0,0.8048258203256478,0.8434834322502875,null
0,0,0,0,0,0,0,0,0,0,0,0,0,0,0,0,0,0,0,0,0,0,0,0,0,0,0,0,0,0,0,0,0,0,0,0,0,0,0,0,0,0,0,0,0,0,0,0,0,0,n870,false,0.33661506683008113,0.5191928246741124,0,0.988460802293851,true,0,0,0.30030260473958337,0.3312340211809436,null
0,0,0,0,0,0,0,0,0,0,0,0,0,0,0,0,0,0,0,0,0,0,0,0,0,0,0,0,0,0,0,0,0,0,0,0,0,0,0,0,0,0,0,0,0,0,0,0,0,0,n871,true,0.19962244159774856,0.9073057571697856,12,0.8384741549800939,false,0,0,0.7045107538574997,0.7153380218479047,null
0,0,0,0,0,0,0,0,0,0,0,0,0,0,0,0,0,0,0,0,0,0,0,0,0,0,0,0,0,0,0,0,0,0,0,0,0,0,0,0,0,0,0,0,0,0,0,0,0,0,n874,true,0.49140382435699714,0.7208721951776241,20,0.17770965821696938,false,0,0,0.9486857400708486,0.9369523063105781,null
0,0,0,0,0,0,0,0,0,0,0,0,0,0,0,0,0,0,0,0,0,0,0,0,0,0,0,0,0,0,0,0,0,0,0,0,0,0,0,0,0,0,0,0,0,0,0,0,0,0,n879,false,0.7223529752405888,0.9900699365044936,0,0.43337527913311097,true,0,0,0.7032047527057319,0.2204795554211466,null
0,0,0,0,0,0,0,0,0,0,0,0,0,0,0,0,0,0,0,0,0,0,0,0,0,0,0,0,0,0,0,0,0,0,0,0,0,0,0,0,0,0,0,0,0,0,0,0,0,0,n880,false,0.3786188107654281,0.7611129550733283,0,0.29898030433467226,false,0,0,0.297597954189353,0.5034826231295437,null
0,0,0,0,0,0,0,0,0,0,0,0,0,0,0,0,0,0,0,0,0,0,0,0,0,0,0,0,0,0,0,0,0,0,0,0,0,0,0,0,0,0,0,0,0,0,0,0,0,0,n881,false,0.5011466747771995,0.9536557146793468,0,0.21212259954001067,false,0,0,0.9162221966045236,0.7623833305011166,null
0,0,0,0,0,0,0,0,0,0,0,0,0,0,0,0,0,0,0,0,0,0,0,0,0,0,0,0,0,0,0,0,0,0,0,0,0,0,0,0,0,0,0,0,0,0,0,0,0,0,n883,false,0.9741492115761714,0.43554049063639366,0,0.8208736524477175,false,0,0,0.7561182598635927,0.4091829755540741,null
0,0,0,0,0,0,0,0,0,0,0,0,0,0,0,0,0,0,0,0,0,0,0,0,0,0,0,0,0,0,0,0,0,0,0,0,0,0,0,0,0,0,0,0,0,0,0,0,0,0,n891,false,0.8998394325424642,0.9356458550454335,0,0.7994247912879641,false,0,0,0.6557582911966705,0.9347001314633897,null
0,0,0,0,0,0,0,0,0,0,0,0,0,0,0,0,0,0,0,0,0,0,0,0,0,0,0,0,0,0,0,0,0,0,0,0,0,0,0,0,0,0,0,0,0,0,0,0,0,0,n897,false,0.6853418511726792,0.5186184329203722,0,0.724219173651745,false,0,0,0.46626929098629233,0.9114935668034395,null
0,0,0,0,0,0,0,0,0,0,0,0,0,0,0,0,0,0,0,0,0,0,0,0,0,0,0,0,0,0,0,0,0,0,0,0,0,0,0,0,0,0,0,0,0,0,0,0,0,0,n900,false,0.2002338319399491,0.22325429749566034,0,0.5670148120670473,false,0,0,0.6531230539254778,0.6525017123360528,null
0,0,0,0,0,0,0,0,0,0,0,0,0,0,0,0,0,0,0,0,0,0,0,0,0,0,0,0,0,0,0,0,0,0,0,0,0,0,0,0,0,0,0,0,0,0,0,0,0,0,n902,true,0.240900222001815,0.6914163359066026,20,0.3310828844118414,false,0,0,0.3610664483114726,0.6767948973297045,null
0,0,0,0,0,0,0,0,0,0,0,0,0,0,0,0,0,0,0,0,0,0,0,0,0,0,0,0,0,0,0,0,0,0,0,0,0,0,0,0,0,0,0,0,0,0,0,0,0,0,n907,true,0.9099220176104273,0.8268317969718939,20,0.07208282565701402,false,0,0,0.038135745457924974,0.6719882554719697,null
0,0,0,0,0,0,0,0,0,0,0,0,0,0,0,0,0,0,0,0,0,0,0,0,0,0,0,0,0,0,0,0,0,0,0,0,0,0,0,0,0,0,0,0,0,0,0,0,0,0,n908,false,0.9485313161939662,0.48937937143768784,0,0.44574564160518004,true,0,0,0.4128781266494143,0.664960212329097,null
0,0,0,0,0,0,0,0,0,0,0,0,0,0,0,0,0,0,0,0,0,0,0,0,0,0,0,0,0,0,0,0,0,0,0,0,0,0,0,0,0,0,0,0,0,0,0,0,0,0,n913,false,0.49103473687491406,0.8439642255687887,0,0.07482873847990756,true,0,0,0.9603948972747575,0.5770945561825226,null
0,0,0,0,0,0,0,0,0,0,0,0,0,0,0,0,0,0,0,0,0,0,0,0,0,0,0,0,0,0,0,0,0,0,0,0,0,0,0,0,0,0,0,0,0,0,0,0,0,0,n915,false,0.741046964465237,0.6242173367300072,0,0.558001163555245,false,0,0,0.6319324270754925,0.8973619668000016,null
0,0,0,0,0,0,0,0,0,0,0,0,0,0,0,0,0,0,0,0,0,0,0,0,0,0,0,0,0,0,0,0,0,0,0,0,0,0,0,0,0,0,0,0,0,0,0,0,0,0,n916,true,0.8479062300556348,0.8881949287072272,6,0.46370137752128626,false,0,0,0.9285330880074827,0.29694115265053045,null
0,0,0,0,0,0,0,0,0,0,0,0,0,0,0,0,0,0,0,0,0,0,0,0,0,0,0,0,0,0,0,0,0,0,0,0,0,0,0,0,0,0,0,0,0,0,0,0,0,0,n918,true,0.8909947558473815,0.930742674391783,20,0.27358326913921477,false,0,0,0.4671557744502451,0.02001193676679658,null
0,0,0,0,0,0,0,0,0,0,0,0,0,0,0,0,0,0,0,0,0,0,0,0,0,0,0,0,0,0,0,0,0,0,0,0,0,0,0,0,0,0,0,0,0,0,0,0,0,0,n925,true,0.972030510353546,0.5900046098532538,20,0.7131214844555898,false,0,0,0.5828607427257421,0.7440902674588221,null
0,0,0,0,0,0,0,0,0,0,0,0,0,0,0,0,0,0,0,0,0,0,0,0,0,0,0,0,0,0,0,0,0,0,0,0,0,0,0,0,0,0,0,0,0,0,0,0,0,0,n926,true,0.3537246655984698,0.5321472908521222,21,0.9268185453952453,false,0,0,0.9881834371245641,0.9196210278953498,null
0,0,0,0,0,0,0,0,0,0,0,0,0,0,0,0,0,0,0,0,0,0,0,0,0,0,0,0,0,0,0,0,0,0,0,0,0,0,0,0,0,0,0,0,0,0,0,0,0,0,n930,false,0.3965475372357368,0.743901975104784,0,0.35848832860758634,true,0,0,0.5579008800370531,0.13165484833276253,null
0,0,0,0,0,0,0,0,0,0,0,0,0,0,0,0,0,0,0,0,0,0,0,0,0,0,0,0,0,0,0,0,0,0,0,0,0,0,0,0,0,0,0,0,0,0,0,0,0,0,n939,true,0.4854576322772399,0.7834980308077405,19,0.6966779648785837,false,0,0,0.5243176100506153,0.4820421809399847,null
0,0,0,0,0,0,0,0,0,0,0,0,0,0,0,0,0,0,0,0,0,0,0,0,0,0,0,0,0,0,0,0,0,0,0,0,0,0,0,0,0,0,0,0,0,0,0,0,0,0,n945,false,0.6055583390388354,0.7964932732120117,0,0.9562439907962463,true,0,0,0.523371307146089,0.7997005451009007,null
0,0,0,0,0,0,0,0,0,0,0,0,0,0,0,0,0,0,0,0,0,0,0,0,0,0,0,0,0,0,0,0,0,0,0,0,0,0,0,0,0,0,0,0,0,0,0,0,0,0,n950,false,0.7284017073290832,0.7723159355553781,0,0.49227821381287584,true,0,0,0.8788436852815316,0.06023371320913051,null
0,0,0,0,0,0,0,0,0,0,0,0,0,0,0,0,0,0,0,0,0,0,0,0,0,0,0,0,0,0,0,0,0,0,0,0,0,0,0,0,0,0,0,0,0,0,0,0,0,0,n952,false,0.25520929317219426,0.19790118328393536,0,0.2892069866844862,false,0,0,0.6859731457490938,0.5559938947459891,null
0,0,0,0,0,0,0,0,0,0,0,0,0,0,0,0,0,0,0,0,0,0,0,0,0,0,0,0,0,0,0,0,0,0,0,0,0,0,0,0,0,0,0,0,0,0,0,0,0,0,n969,false,0.8444567116339866,0.259240322008126,0,0.3523928947406706,false,0,0,0.8029848566716538,0.06203673105763896,null
0,0,0,0,0,0,0,0,0,0,0,0,0,0,0,0,0,0,0,0,0,0,0,0,0,0,0,0,0,0,0,0,0,0,0,0,0,0,0,0,0,0,0,0,0,0,0,0,0,0,n971,true,0.15504541450479348,0.638344324441357,18,0.7207234457784748,false,0,0,0.6855884741917976,0.42561789667044697,null
0,0,0,0,0,0,0,0,0,0,0,0,0,0,0,0,0,0,0,0,0,0,0,0,0,0,0,0,0,0,0,0,0,0,0,0,0,0,0,0,0,0,0,0,0,0,0,0,0,0,n972,true,0.42740714661149903,0.06481825006258901,21,0.8062628516403463,false,0,0,0.8677283438703839,0.07768443075710563,null
0,0,0,0,0,0,0,0,0,0,0,0,0,0,0,0,0,0,0,0,0,0,0,0,0,0,0,0,0,0,0,0,0,0,0,0,0,0,0,0,0,0,0,0,0,0,0,0,0,0,n973,true,0.47043289672445177,0.9668541292988881,19,0.46484356745490113,false,0,0,0.6932850199858107,0.7471629050787988,null
0,0,0,0,0,0,0,0,0,0,0,0,0,0,0,0,0,0,0,0,0,0,0,0,0,0,0,0,0,0,0,0,0,0,0,0,0,0,0,0,0,0,0,0,0,0,0,0,0,0,n982,false,0.6964029285073774,0.5240228010061279,0,0.5668810397705127,false,0,0,0.03406466355042903,0.8578190884148452,null
0,0,0,0,0,0,0,0,0,0,0,0,0,0,0,0,0,0,0,0,0,0,0,0,0,0,0,0,0,0,0,0,0,0,0,0,0,0,0,0,0,0,0,0,0,0,0,0,0,0,n983,false,0.345942564749072,0.22658548046502774,0,0.485721194632412,true,0,0,0.9611301767249815,0.44151926364938343,null
0,0,0,0,0,0,0,0,0,0,0,0,0,0,0,0,0,0,0,0,0,0,0,0,0,0,0,0,0,0,0,0,0,0,0,0,0,0,0,0,0,0,0,0,0,0,0,0,0,0,n984,true,0.05332156289672496,0.8899910091946632,6,0.871236951485969,false,0,0,0.8879183866451933,0.9549360360626195,null
0,0,0,0,0,0,0,0,0,0,0,0,0,0,0,0,0,0,0,0,0,0,0,0,0,0,0,0,0,0,0,0,0,0,0,0,0,0,0,0,0,0,0,0,0,0,0,0,0,0,n996,false,0.6992138749471902,0.16377646069030116,0,0.9974481167515816,true,0,0,0.7507081080077285,0.44456798949095105,null
0,0,0,0,0,0,0,0,0,0,0,0,0,0,0,0,0,0,0,0,0,0,0,0,0,0,0,0,0,0,0,0,0,0,0,0,0,0,0,0,0,0,0,0,0,0,0,0,0,0,n997,false,0.43325202987907707,0.7075041630971453,0,0.25726790263863214,false,0,0,0.11701912881453647,0.8074365723798402,null
0,0,0,0,0,0,0,0,0,0,0,0,0,0,0,0,0,0,0,0,0,0,0,0,0,0,0,0,0,0,0,0,0,0,0,0,0,0,0,0,0,0,0,0,0,0,0,0,0,0,n998,false,0.37927092514427296,0.3869773431484511,0,0.45392516845896014,true,0,0,0.8131959834642791,0.8913626109670851,null
